[2026-09-22 14:23:59] [INICIO] ═════════════════════════════════════════════════════
[2026-09-22 14:23:59] [CHECK-PUENTE] Verificando disponibilidad del BioBridge...
[2026-09-22 14:23:59] [PUENTE-OK] ✓ BioBridge ACTIVO (latencia: 23ms)
[2026-09-22 14:23:59] [CHECK-DISPOSITIVOS] BioBridge activo. Verificando dispositivos...
[2026-09-22 14:23:59] [DISPOSITIVOS-OK] ✓ Verificación completada
[2026-09-22 14:23:59] [DISPOSITIVO] [desconectado] BioBridge Principal:5101 → 13ms (Timeout en http://localhost:5101/health)
[2026-09-22 14:23:59] [RESUMEN] Total verificados: 1
[2026-09-22 14:23:59] [FIN] ═════════════════════════════════════════════════════
[2026-09-22 14:23:59] 
[2026-09-22 14:23:59] [INICIO] ═════════════════════════════════════════════════════
[2026-09-22 14:23:59] [CHECK-PUENTE] Verificando disponibilidad del BioBridge...
[2026-09-22 14:23:59] [PUENTE-OK] ✓ BioBridge ACTIVO (latencia: 23ms)
[2026-09-22 14:23:59] [CHECK-DISPOSITIVOS] BioBridge activo. Verificando dispositivos...
[2026-09-22 14:23:59] [DISPOSITIVOS-OK] ✓ Verificación completada
[2026-09-22 14:23:59] [DISPOSITIVO] [desconectado] BioBridge Principal:5101 → 16ms (Timeout en http://localhost:5101/health)
[2026-09-22 14:23:59] [RESUMEN] Total verificados: 1
[2026-09-22 14:23:59] [FIN] ═════════════════════════════════════════════════════
[2026-09-22 14:23:59] 
[2026-09-22 14:28:01] [INICIO] ═════════════════════════════════════════════════════
[2026-09-22 14:28:01] [CHECK-PUENTE] Verificando disponibilidad del BioBridge...
[2026-09-22 14:28:01] [PUENTE-OK] ✓ BioBridge ACTIVO (latencia: 2ms)
[2026-09-22 14:28:01] [CHECK-DISPOSITIVOS] BioBridge activo. Verificando dispositivos...
[2026-09-22 14:28:01] [DISPOSITIVOS-OK] ✓ Verificación completada
[2026-09-22 14:28:01] [DISPOSITIVO] [desconectado] BioBridge Principal:5101 → 2ms (Timeout en http://localhost:5101/health)
[2026-09-22 14:28:01] [RESUMEN] Total verificados: 1
[2026-09-22 14:28:01] [FIN] ═════════════════════════════════════════════════════
[2026-09-22 14:28:01] 
[2026-09-22 14:28:12] [INICIO] ═════════════════════════════════════════════════════
[2026-09-22 14:28:12] [CHECK-PUENTE] Verificando disponibilidad del BioBridge...
[2026-09-22 14:28:12] [PUENTE-OK] ✓ BioBridge ACTIVO (latencia: 1ms)
[2026-09-22 14:28:12] [CHECK-DISPOSITIVOS] BioBridge activo. Verificando dispositivos...
[2026-09-22 14:28:12] [DISPOSITIVOS-OK] ✓ Verificación completada
[2026-09-22 14:28:12] [DISPOSITIVO] [desconectado] BioBridge Principal:5101 → 20ms (Timeout en http://localhost:5101/health)
[2026-09-22 14:28:12] [RESUMEN] Total verificados: 1
[2026-09-22 14:28:12] [FIN] ═════════════════════════════════════════════════════
[2026-09-22 14:28:12] 
[2026-09-22 14:31:42] [INICIO] ═════════════════════════════════════════════════════
[2026-09-22 14:31:42] [CHECK-PUENTE] Verificando disponibilidad del BioBridge...
[2026-09-22 14:31:42] [PUENTE-OK] ✓ BioBridge ACTIVO (latencia: 25ms)
[2026-09-22 14:31:42] [CHECK-DISPOSITIVOS] BioBridge activo. Verificando dispositivos...
[2026-09-22 14:31:42] [DISPOSITIVOS-OK] ✓ Verificación completada
[2026-09-22 14:31:42] [DISPOSITIVO] [desconectado] BioBridge Principal:5101 → 1ms (Timeout en http://localhost:5101/health)
[2026-09-22 14:31:42] [RESUMEN] Total verificados: 1
[2026-09-22 14:31:42] [FIN] ═════════════════════════════════════════════════════
[2026-09-22 14:31:42] 
[2026-09-22 14:32:07] [INICIO] ═════════════════════════════════════════════════════
[2026-09-22 14:32:08] [CHECK-PUENTE] Verificando disponibilidad del BioBridge...
[2026-09-22 14:32:08] [PUENTE-OK] ✓ BioBridge ACTIVO (latencia: 3ms)
[2026-09-22 14:32:08] [CHECK-DISPOSITIVOS] BioBridge activo. Verificando dispositivos...
[2026-09-22 14:32:08] [DISPOSITIVOS-OK] ✓ Verificación completada
[2026-09-22 14:32:08] [DISPOSITIVO] [desconectado] BioBridge Principal:5101 → 14ms (Timeout en http://localhost:5101/health)
[2026-09-22 14:32:08] [RESUMEN] Total verificados: 1
[2026-09-22 14:32:08] [FIN] ═════════════════════════════════════════════════════
[2026-09-22 14:32:08] 
[2026-09-22 14:32:45] [INICIO] ═════════════════════════════════════════════════════
[2026-09-22 14:32:45] [CHECK-PUENTE] Verificando disponibilidad del BioBridge...
[2026-09-22 14:32:45] [PUENTE-OK] ✓ BioBridge ACTIVO (latencia: 1ms)
[2026-09-22 14:32:45] [CHECK-DISPOSITIVOS] BioBridge activo. Verificando dispositivos...
[2026-09-22 14:32:45] [DISPOSITIVOS-OK] ✓ Verificación completada
[2026-09-22 14:32:45] [DISPOSITIVO] [desconectado] BioBridge Principal:5101 → 1ms (Timeout en http://localhost:5101/health)
[2026-09-22 14:32:45] [RESUMEN] Total verificados: 1
[2026-09-22 14:32:45] [FIN] ═════════════════════════════════════════════════════
[2026-09-22 14:32:45] 
[2026-09-22 14:37:01] [INICIO] ═════════════════════════════════════════════════════
[2026-09-22 14:37:01] [CHECK-PUENTE] Verificando disponibilidad del BioBridge...
[2026-09-22 14:37:01] [PUENTE-OK] ✓ BioBridge ACTIVO (latencia: 24ms)
[2026-09-22 14:37:01] [CHECK-DISPOSITIVOS] BioBridge activo. Verificando dispositivos...
[2026-09-22 14:37:02] [DISPOSITIVOS-OK] ✓ Verificación completada
[2026-09-22 14:37:02] [DISPOSITIVO] [desconectado] BioBridge Principal:5101 → 4ms (Timeout en http://localhost:5101/health)
[2026-09-22 14:37:02] [RESUMEN] Total verificados: 1
[2026-09-22 14:37:02] [FIN] ═════════════════════════════════════════════════════
[2026-09-22 14:37:02] 
[2026-09-22 14:38:54] [INICIO] ═════════════════════════════════════════════════════
[2026-09-22 14:38:54] [CHECK-PUENTE] Verificando disponibilidad del BioBridge...
[2026-09-22 14:38:54] [PUENTE-OK] ✓ BioBridge ACTIVO (latencia: 1ms)
[2026-09-22 14:38:54] [CHECK-DISPOSITIVOS] BioBridge activo. Verificando dispositivos...
[2026-09-22 14:38:54] [DISPOSITIVOS-OK] ✓ Verificación completada
[2026-09-22 14:38:54] [DISPOSITIVO] [desconectado] BioBridge Principal:5101 → 20ms (Timeout en http://localhost:5101/health)
[2026-09-22 14:38:54] [RESUMEN] Total verificados: 1
[2026-09-22 14:38:54] [FIN] ═════════════════════════════════════════════════════
[2026-09-22 14:38:54] 
[2026-09-22 14:42:01] [INICIO] ═════════════════════════════════════════════════════
[2026-09-22 14:42:01] [CHECK-PUENTE] Verificando disponibilidad del BioBridge...
[2026-09-22 14:42:02] [PUENTE-OK] ✓ BioBridge ACTIVO (latencia: 18ms)
[2026-09-22 14:42:02] [CHECK-DISPOSITIVOS] BioBridge activo. Verificando dispositivos...
[2026-09-22 14:42:02] [DISPOSITIVOS-OK] ✓ Verificación completada
[2026-09-22 14:42:02] [DISPOSITIVO] [desconectado] BioBridge Principal:5101 → 24ms (Timeout en http://localhost:5101/health)
[2026-09-22 14:42:02] [RESUMEN] Total verificados: 1
[2026-09-22 14:42:02] [FIN] ═════════════════════════════════════════════════════
[2026-09-22 14:42:02] 
[2026-09-22 14:43:47] [INICIO] ═════════════════════════════════════════════════════
[2026-09-22 14:43:47] [CHECK-PUENTE] Verificando disponibilidad del BioBridge...
[2026-09-22 14:43:47] [PUENTE-OK] ✓ BioBridge ACTIVO (latencia: 1ms)
[2026-09-22 14:43:47] [CHECK-DISPOSITIVOS] BioBridge activo. Verificando dispositivos...
[2026-09-22 14:43:47] [DISPOSITIVOS-OK] ✓ Verificación completada
[2026-09-22 14:43:47] [DISPOSITIVO] [desconectado] BioBridge Principal:5101 → 18ms (Timeout en http://localhost:5101/health)
[2026-09-22 14:43:47] [RESUMEN] Total verificados: 1
[2026-09-22 14:43:47] [FIN] ═════════════════════════════════════════════════════
[2026-09-22 14:43:47] 
[2026-09-22 14:47:01] [INICIO] ═════════════════════════════════════════════════════
[2026-09-22 14:47:01] [CHECK-PUENTE] Verificando disponibilidad del BioBridge...
[2026-09-22 14:47:01] [PUENTE-OK] ✓ BioBridge ACTIVO (latencia: 1ms)
[2026-09-22 14:47:01] [CHECK-DISPOSITIVOS] BioBridge activo. Verificando dispositivos...
[2026-09-22 14:47:02] [DISPOSITIVOS-OK] ✓ Verificación completada
[2026-09-22 14:47:02] [DISPOSITIVO] [desconectado] BioBridge Principal:5101 → 15ms (Timeout en http://localhost:5101/health)
[2026-09-22 14:47:02] [RESUMEN] Total verificados: 1
[2026-09-22 14:47:02] [FIN] ═════════════════════════════════════════════════════
[2026-09-22 14:47:02] 
[2026-09-22 14:47:51] [INICIO] ═════════════════════════════════════════════════════
[2026-09-22 14:47:51] [CHECK-PUENTE] Verificando disponibilidad del BioBridge...
[2026-09-22 14:47:51] [PUENTE-OK] ✓ BioBridge ACTIVO (latencia: 1ms)
[2026-09-22 14:47:51] [CHECK-DISPOSITIVOS] BioBridge activo. Verificando dispositivos...
[2026-09-22 14:47:51] [DISPOSITIVOS-OK] ✓ Verificación completada
[2026-09-22 14:47:51] [DISPOSITIVO] [desconectado] BioBridge Principal:5101 → 1ms (Timeout en http://localhost:5101/health)
[2026-09-22 14:47:51] [RESUMEN] Total verificados: 1
[2026-09-22 14:47:51] [FIN] ═════════════════════════════════════════════════════
[2026-09-22 14:47:51] 
[2026-09-22 14:52:01] [INICIO] ═════════════════════════════════════════════════════
[2026-09-22 14:52:01] [CHECK-PUENTE] Verificando disponibilidad del BioBridge...
[2026-09-22 14:52:01] [PUENTE-OK] ✓ BioBridge ACTIVO (latencia: 1ms)
[2026-09-22 14:52:01] [CHECK-DISPOSITIVOS] BioBridge activo. Verificando dispositivos...
[2026-09-22 14:52:01] [DISPOSITIVOS-OK] ✓ Verificación completada
[2026-09-22 14:52:01] [DISPOSITIVO] [desconectado] BioBridge Principal:5101 → 1ms (Timeout en http://localhost:5101/health)
[2026-09-22 14:52:01] [RESUMEN] Total verificados: 1
[2026-09-22 14:52:01] [FIN] ═════════════════════════════════════════════════════
[2026-09-22 14:52:01] 
[2026-09-22 14:57:01] [INICIO] ═════════════════════════════════════════════════════
[2026-09-22 14:57:02] [CHECK-PUENTE] Verificando disponibilidad del BioBridge...
[2026-09-22 14:57:02] [PUENTE-OK] ✓ BioBridge ACTIVO (latencia: 19ms)
[2026-09-22 14:57:02] [CHECK-DISPOSITIVOS] BioBridge activo. Verificando dispositivos...
[2026-09-22 14:57:02] [DISPOSITIVOS-OK] ✓ Verificación completada
[2026-09-22 14:57:02] [DISPOSITIVO] [desconectado] BioBridge Principal:5101 → 15ms (Timeout en http://localhost:5101/health)
[2026-09-22 14:57:02] [RESUMEN] Total verificados: 1
[2026-09-22 14:57:02] [FIN] ═════════════════════════════════════════════════════
[2026-09-22 14:57:02] 
[2026-09-22 15:02:01] [INICIO] ═════════════════════════════════════════════════════
[2026-09-22 15:02:01] [CHECK-PUENTE] Verificando disponibilidad del BioBridge...
[2026-09-22 15:02:01] [PUENTE-OK] ✓ BioBridge ACTIVO (latencia: 22ms)
[2026-09-22 15:02:01] [CHECK-DISPOSITIVOS] BioBridge activo. Verificando dispositivos...
[2026-09-22 15:02:02] [DISPOSITIVOS-OK] ✓ Verificación completada
[2026-09-22 15:02:02] [DISPOSITIVO] [desconectado] BioBridge Principal:5101 → 15ms (Timeout en http://localhost:5101/health)
[2026-09-22 15:02:02] [RESUMEN] Total verificados: 1
[2026-09-22 15:02:02] [FIN] ═════════════════════════════════════════════════════
[2026-09-22 15:02:02] 
[2026-09-22 15:07:01] [INICIO] ═════════════════════════════════════════════════════
[2026-09-22 15:07:02] [CHECK-PUENTE] Verificando disponibilidad del BioBridge...
[2026-09-22 15:07:02] [PUENTE-OK] ✓ BioBridge ACTIVO (latencia: 11ms)
[2026-09-22 15:07:02] [CHECK-DISPOSITIVOS] BioBridge activo. Verificando dispositivos...
[2026-09-22 15:07:02] [DISPOSITIVOS-OK] ✓ Verificación completada
[2026-09-22 15:07:02] [DISPOSITIVO] [desconectado] BioBridge Principal:5101 → 14ms (Timeout en http://localhost:5101/health)
[2026-09-22 15:07:02] [RESUMEN] Total verificados: 1
[2026-09-22 15:07:02] [FIN] ═════════════════════════════════════════════════════
[2026-09-22 15:07:02] 
[2026-09-22 15:12:01] [INICIO] ═════════════════════════════════════════════════════
[2026-09-22 15:12:02] [CHECK-PUENTE] Verificando disponibilidad del BioBridge...
[2026-09-22 15:12:02] [PUENTE-OK] ✓ BioBridge ACTIVO (latencia: 11ms)
[2026-09-22 15:12:02] [CHECK-DISPOSITIVOS] BioBridge activo. Verificando dispositivos...
[2026-09-22 15:12:02] [DISPOSITIVOS-OK] ✓ Verificación completada
[2026-09-22 15:12:02] [DISPOSITIVO] [desconectado] BioBridge Principal:5101 → 14ms (Timeout en http://localhost:5101/health)
[2026-09-22 15:12:02] [RESUMEN] Total verificados: 1
[2026-09-22 15:12:02] [FIN] ═════════════════════════════════════════════════════
[2026-09-22 15:12:02] 
[2026-09-22 15:17:01] [INICIO] ═════════════════════════════════════════════════════
[2026-09-22 15:17:02] [CHECK-PUENTE] Verificando disponibilidad del BioBridge...
[2026-09-22 15:17:02] [PUENTE-OK] ✓ BioBridge ACTIVO (latencia: 23ms)
[2026-09-22 15:17:02] [CHECK-DISPOSITIVOS] BioBridge activo. Verificando dispositivos...
[2026-09-22 15:17:02] [DISPOSITIVOS-OK] ✓ Verificación completada
[2026-09-22 15:17:02] [DISPOSITIVO] [desconectado] BioBridge Principal:5101 → 15ms (Timeout en http://localhost:5101/health)
[2026-09-22 15:17:02] [RESUMEN] Total verificados: 1
[2026-09-22 15:17:02] [FIN] ═════════════════════════════════════════════════════
[2026-09-22 15:17:02] 
[2026-09-22 15:21:11] [INICIO] ═════════════════════════════════════════════════════
[2026-09-22 15:21:11] [CHECK-PUENTE] Verificando disponibilidad del BioBridge...
[2026-09-22 15:21:11] [PUENTE-OK] ✓ BioBridge ACTIVO (latencia: 17ms)
[2026-09-22 15:21:11] [CHECK-DISPOSITIVOS] BioBridge activo. Verificando dispositivos...
[2026-09-22 15:21:11] [DISPOSITIVOS-OK] ✓ Verificación completada
[2026-09-22 15:21:11] [DISPOSITIVO] [desconectado] BioBridge Principal:5101 → 1ms (Timeout en http://localhost:5101/health)
[2026-09-22 15:21:11] [RESUMEN] Total verificados: 1
[2026-09-22 15:21:11] [FIN] ═════════════════════════════════════════════════════
[2026-09-22 15:21:11] 
[2026-09-22 15:22:02] [INICIO] ═════════════════════════════════════════════════════
[2026-09-22 15:22:02] [CHECK-PUENTE] Verificando disponibilidad del BioBridge...
[2026-09-22 15:22:02] [PUENTE-OK] ✓ BioBridge ACTIVO (latencia: 2ms)
[2026-09-22 15:22:02] [CHECK-DISPOSITIVOS] BioBridge activo. Verificando dispositivos...
[2026-09-22 15:22:02] [DISPOSITIVOS-OK] ✓ Verificación completada
[2026-09-22 15:22:02] [DISPOSITIVO] [desconectado] BioBridge Principal:5101 → 13ms (Timeout en http://localhost:5101/health)
[2026-09-22 15:22:02] [RESUMEN] Total verificados: 1
[2026-09-22 15:22:02] [FIN] ═════════════════════════════════════════════════════
[2026-09-22 15:22:02] 
[2026-09-22 15:27:01] [INICIO] ═════════════════════════════════════════════════════
[2026-09-22 15:27:01] [CHECK-PUENTE] Verificando disponibilidad del BioBridge...
[2026-09-22 15:27:01] [PUENTE-OK] ✓ BioBridge ACTIVO (latencia: 2ms)
[2026-09-22 15:27:01] [CHECK-DISPOSITIVOS] BioBridge activo. Verificando dispositivos...
[2026-09-22 15:27:02] [DISPOSITIVOS-OK] ✓ Verificación completada
[2026-09-22 15:27:02] [DISPOSITIVO] [desconectado] BioBridge Principal:5101 → 1ms (Timeout en http://localhost:5101/health)
[2026-09-22 15:27:02] [RESUMEN] Total verificados: 1
[2026-09-22 15:27:02] [FIN] ═════════════════════════════════════════════════════
[2026-09-22 15:27:02] 
[2026-09-22 15:32:01] [INICIO] ═════════════════════════════════════════════════════
[2026-09-22 08:32:02] [CHECK-PUENTE] Verificando disponibilidad del BioBridge...
[2026-09-22 08:32:02] [PUENTE-OK] ✓ BioBridge ACTIVO (latencia: 1ms)
[2026-09-22 08:32:02] [CHECK-DISPOSITIVOS] BioBridge activo. Verificando dispositivos...
[2026-09-22 08:32:02] [DISPOSITIVOS-OK] ✓ Verificación completada
[2026-09-22 08:32:02] [DISPOSITIVO] [desconectado] BioBridge Principal:5101 → 16ms (Timeout en http://localhost:5101/health)
[2026-09-22 08:32:02] [RESUMEN] Total verificados: 1
[2026-09-22 08:32:02] [FIN] ═════════════════════════════════════════════════════
[2026-09-22 08:32:02] 
[2026-09-22 15:37:01] [INICIO] ═════════════════════════════════════════════════════
[2026-09-22 08:37:02] [CHECK-PUENTE] Verificando disponibilidad del BioBridge...
[2026-09-22 08:37:02] [PUENTE-OK] ✓ BioBridge ACTIVO (latencia: 11ms)
[2026-09-22 08:37:02] [CHECK-DISPOSITIVOS] BioBridge activo. Verificando dispositivos...
[2026-09-22 08:37:02] [DISPOSITIVOS-OK] ✓ Verificación completada
[2026-09-22 08:37:02] [DISPOSITIVO] [desconectado] BioBridge Principal:5101 → 15ms (Timeout en http://localhost:5101/health)
[2026-09-22 08:37:02] [RESUMEN] Total verificados: 1
[2026-09-22 08:37:02] [FIN] ═════════════════════════════════════════════════════
[2026-09-22 08:37:02] 
[2026-09-22 15:42:02] [INICIO] ═════════════════════════════════════════════════════
[2026-09-22 08:42:02] [CHECK-PUENTE] Verificando disponibilidad del BioBridge...
[2026-09-22 08:42:02] [PUENTE-OK] ✓ BioBridge ACTIVO (latencia: 19ms)
[2026-09-22 08:42:02] [CHECK-DISPOSITIVOS] BioBridge activo. Verificando dispositivos...
[2026-09-22 08:42:02] [DISPOSITIVOS-OK] ✓ Verificación completada
[2026-09-22 08:42:02] [DISPOSITIVO] [desconectado] BioBridge Principal:5101 → 22ms (Timeout en http://localhost:5101/health)
[2026-09-22 08:42:02] [RESUMEN] Total verificados: 1
[2026-09-22 08:42:02] [FIN] ═════════════════════════════════════════════════════
[2026-09-22 08:42:02] 
[2026-09-22 15:47:02] [INICIO] ═════════════════════════════════════════════════════
[2026-09-22 08:47:02] [CHECK-PUENTE] Verificando disponibilidad del BioBridge...
[2026-09-22 08:47:02] [PUENTE-OK] ✓ BioBridge ACTIVO (latencia: 11ms)
[2026-09-22 08:47:02] [CHECK-DISPOSITIVOS] BioBridge activo. Verificando dispositivos...
[2026-09-22 08:47:02] [DISPOSITIVOS-OK] ✓ Verificación completada
[2026-09-22 08:47:02] [DISPOSITIVO] [desconectado] BioBridge Principal:5101 → 15ms (Timeout en http://localhost:5101/health)
[2026-09-22 08:47:02] [RESUMEN] Total verificados: 1
[2026-09-22 08:47:02] [FIN] ═════════════════════════════════════════════════════
[2026-09-22 08:47:02] 
[2026-09-22 15:52:02] [INICIO] ═════════════════════════════════════════════════════
[2026-09-22 08:52:02] [CHECK-PUENTE] Verificando disponibilidad del BioBridge...
[2026-09-22 08:52:02] [PUENTE-OK] ✓ BioBridge ACTIVO (latencia: 27ms)
[2026-09-22 08:52:02] [CHECK-DISPOSITIVOS] BioBridge activo. Verificando dispositivos...
[2026-09-22 08:52:02] [DISPOSITIVOS-OK] ✓ Verificación completada
[2026-09-22 08:52:02] [DISPOSITIVO] [desconectado] BioBridge Principal:5101 → 27ms (Timeout en http://localhost:5101/health)
[2026-09-22 08:52:02] [RESUMEN] Total verificados: 1
[2026-09-22 08:52:02] [FIN] ═════════════════════════════════════════════════════
[2026-09-22 08:52:02] 
[2026-09-22 15:57:02] [INICIO] ═════════════════════════════════════════════════════
[2026-09-22 08:57:02] [CHECK-PUENTE] Verificando disponibilidad del BioBridge...
[2026-09-22 08:57:02] [PUENTE-OK] ✓ BioBridge ACTIVO (latencia: 23ms)
[2026-09-22 08:57:02] [CHECK-DISPOSITIVOS] BioBridge activo. Verificando dispositivos...
[2026-09-22 08:57:02] [DISPOSITIVOS-OK] ✓ Verificación completada
[2026-09-22 08:57:02] [DISPOSITIVO] [desconectado] BioBridge Principal:5101 → 1ms (Timeout en http://localhost:5101/health)
[2026-09-22 08:57:02] [RESUMEN] Total verificados: 1
[2026-09-22 08:57:02] [FIN] ═════════════════════════════════════════════════════
[2026-09-22 08:57:02] 
[2026-09-22 16:02:02] [INICIO] ═════════════════════════════════════════════════════
[2026-09-22 09:02:02] [CHECK-PUENTE] Verificando disponibilidad del BioBridge...
[2026-09-22 09:02:02] [PUENTE-OK] ✓ BioBridge ACTIVO (latencia: 27ms)
[2026-09-22 09:02:02] [CHECK-DISPOSITIVOS] BioBridge activo. Verificando dispositivos...
[2026-09-22 09:02:02] [DISPOSITIVOS-OK] ✓ Verificación completada
[2026-09-22 09:02:02] [DISPOSITIVO] [desconectado] BioBridge Principal:5101 → 2ms (Timeout en http://localhost:5101/health)
[2026-09-22 09:02:02] [RESUMEN] Total verificados: 1
[2026-09-22 09:02:02] [FIN] ═════════════════════════════════════════════════════
[2026-09-22 09:02:02] 
[2026-09-22 16:07:01] [INICIO] ═════════════════════════════════════════════════════
[2026-09-22 09:07:01] [CHECK-PUENTE] Verificando disponibilidad del BioBridge...
[2026-09-22 09:07:01] [PUENTE-OK] ✓ BioBridge ACTIVO (latencia: 1ms)
[2026-09-22 09:07:01] [CHECK-DISPOSITIVOS] BioBridge activo. Verificando dispositivos...
[2026-09-22 09:07:01] [DISPOSITIVOS-OK] ✓ Verificación completada
[2026-09-22 09:07:01] [DISPOSITIVO] [desconectado] BioBridge Principal:5101 → 1ms (Timeout en http://localhost:5101/health)
[2026-09-22 09:07:01] [RESUMEN] Total verificados: 1
[2026-09-22 09:07:01] [FIN] ═════════════════════════════════════════════════════
[2026-09-22 09:07:01] 
[2026-09-22 16:12:01] [INICIO] ═════════════════════════════════════════════════════
[2026-09-22 09:12:01] [CHECK-PUENTE] Verificando disponibilidad del BioBridge...
[2026-09-22 09:12:01] [PUENTE-OK] ✓ BioBridge ACTIVO (latencia: 2ms)
[2026-09-22 09:12:01] [CHECK-DISPOSITIVOS] BioBridge activo. Verificando dispositivos...
[2026-09-22 09:12:01] [DISPOSITIVOS-OK] ✓ Verificación completada
[2026-09-22 09:12:01] [DISPOSITIVO] [desconectado] BioBridge Principal:5101 → 1ms (Timeout en http://localhost:5101/health)
[2026-09-22 09:12:01] [RESUMEN] Total verificados: 1
[2026-09-22 09:12:01] [FIN] ═════════════════════════════════════════════════════
[2026-09-22 09:12:01] 
[2026-09-22 16:17:01] [INICIO] ═════════════════════════════════════════════════════
[2026-09-22 09:17:01] [CHECK-PUENTE] Verificando disponibilidad del BioBridge...
[2026-09-22 09:17:01] [PUENTE-OK] ✓ BioBridge ACTIVO (latencia: 12ms)
[2026-09-22 09:17:01] [CHECK-DISPOSITIVOS] BioBridge activo. Verificando dispositivos...
[2026-09-22 09:17:01] [DISPOSITIVOS-OK] ✓ Verificación completada
[2026-09-22 09:17:01] [DISPOSITIVO] [desconectado] BioBridge Principal:5101 → 27ms (Timeout en http://localhost:5101/health)
[2026-09-22 09:17:01] [RESUMEN] Total verificados: 1
[2026-09-22 09:17:01] [FIN] ═════════════════════════════════════════════════════
[2026-09-22 09:17:01] 
[2026-09-22 16:22:01] [INICIO] ═════════════════════════════════════════════════════
[2026-09-22 09:22:01] [CHECK-PUENTE] Verificando disponibilidad del BioBridge...
[2026-09-22 09:22:01] [PUENTE-OK] ✓ BioBridge ACTIVO (latencia: 4ms)
[2026-09-22 09:22:01] [CHECK-DISPOSITIVOS] BioBridge activo. Verificando dispositivos...
[2026-09-22 09:22:01] [DISPOSITIVOS-OK] ✓ Verificación completada
[2026-09-22 09:22:01] [DISPOSITIVO] [desconectado] BioBridge Principal:5101 → 25ms (Timeout en http://localhost:5101/health)
[2026-09-22 09:22:01] [RESUMEN] Total verificados: 1
[2026-09-22 09:22:01] [FIN] ═════════════════════════════════════════════════════
[2026-09-22 09:22:01] 
[2026-09-22 16:27:01] [INICIO] ═════════════════════════════════════════════════════
[2026-09-22 09:27:01] [CHECK-PUENTE] Verificando disponibilidad del BioBridge...
[2026-09-22 09:27:01] [PUENTE-OK] ✓ BioBridge ACTIVO (latencia: 1ms)
[2026-09-22 09:27:01] [CHECK-DISPOSITIVOS] BioBridge activo. Verificando dispositivos...
[2026-09-22 09:27:01] [DISPOSITIVOS-OK] ✓ Verificación completada
[2026-09-22 09:27:01] [DISPOSITIVO] [desconectado] BioBridge Principal:5101 → 1ms (Timeout en http://localhost:5101/health)
[2026-09-22 09:27:01] [RESUMEN] Total verificados: 1
[2026-09-22 09:27:01] [FIN] ═════════════════════════════════════════════════════
[2026-09-22 09:27:01] 
[2026-09-22 16:32:01] [INICIO] ═════════════════════════════════════════════════════
[2026-09-22 09:32:01] [CHECK-PUENTE] Verificando disponibilidad del BioBridge...
[2026-09-22 09:32:01] [PUENTE-OK] ✓ BioBridge ACTIVO (latencia: 2ms)
[2026-09-22 09:32:01] [CHECK-DISPOSITIVOS] BioBridge activo. Verificando dispositivos...
[2026-09-22 09:32:01] [DISPOSITIVOS-OK] ✓ Verificación completada
[2026-09-22 09:32:01] [DISPOSITIVO] [desconectado] BioBridge Principal:5101 → 2ms (Timeout en http://localhost:5101/health)
[2026-09-22 09:32:01] [RESUMEN] Total verificados: 1
[2026-09-22 09:32:01] [FIN] ═════════════════════════════════════════════════════
[2026-09-22 09:32:01] 
[2026-09-22 16:37:01] [INICIO] ═════════════════════════════════════════════════════
[2026-09-22 09:37:01] [CHECK-PUENTE] Verificando disponibilidad del BioBridge...
[2026-09-22 09:37:01] [PUENTE-OK] ✓ BioBridge ACTIVO (latencia: 1ms)
[2026-09-22 09:37:01] [CHECK-DISPOSITIVOS] BioBridge activo. Verificando dispositivos...
[2026-09-22 09:37:01] [DISPOSITIVOS-OK] ✓ Verificación completada
[2026-09-22 09:37:01] [DISPOSITIVO] [desconectado] BioBridge Principal:5101 → 29ms (Timeout en http://localhost:5101/health)
[2026-09-22 09:37:01] [RESUMEN] Total verificados: 1
[2026-09-22 09:37:01] [FIN] ═════════════════════════════════════════════════════
[2026-09-22 09:37:01] 
[2026-09-22 16:42:01] [INICIO] ═════════════════════════════════════════════════════
[2026-09-22 09:42:01] [CHECK-PUENTE] Verificando disponibilidad del BioBridge...
[2026-09-22 09:42:01] [PUENTE-OK] ✓ BioBridge ACTIVO (latencia: 18ms)
[2026-09-22 09:42:01] [CHECK-DISPOSITIVOS] BioBridge activo. Verificando dispositivos...
[2026-09-22 09:42:01] [DISPOSITIVOS-OK] ✓ Verificación completada
[2026-09-22 09:42:01] [DISPOSITIVO] [desconectado] BioBridge Principal:5101 → 29ms (Timeout en http://localhost:5101/health)
[2026-09-22 09:42:01] [RESUMEN] Total verificados: 1
[2026-09-22 09:42:01] [FIN] ═════════════════════════════════════════════════════
[2026-09-22 09:42:01] 
[2026-09-22 16:47:01] [INICIO] ═════════════════════════════════════════════════════
[2026-09-22 09:47:01] [CHECK-PUENTE] Verificando disponibilidad del BioBridge...
[2026-09-22 09:47:01] [PUENTE-OK] ✓ BioBridge ACTIVO (latencia: 20ms)
[2026-09-22 09:47:01] [CHECK-DISPOSITIVOS] BioBridge activo. Verificando dispositivos...
[2026-09-22 09:47:01] [DISPOSITIVOS-OK] ✓ Verificación completada
[2026-09-22 09:47:01] [DISPOSITIVO] [desconectado] BioBridge Principal:5101 → 14ms (Timeout en http://localhost:5101/health)
[2026-09-22 09:47:01] [RESUMEN] Total verificados: 1
[2026-09-22 09:47:01] [FIN] ═════════════════════════════════════════════════════
[2026-09-22 09:47:01] 
[2026-09-22 16:52:01] [INICIO] ═════════════════════════════════════════════════════
[2026-09-22 09:52:01] [CHECK-PUENTE] Verificando disponibilidad del BioBridge...
[2026-09-22 09:52:01] [PUENTE-OK] ✓ BioBridge ACTIVO (latencia: 1ms)
[2026-09-22 09:52:01] [CHECK-DISPOSITIVOS] BioBridge activo. Verificando dispositivos...
[2026-09-22 09:52:01] [DISPOSITIVOS-OK] ✓ Verificación completada
[2026-09-22 09:52:01] [DISPOSITIVO] [desconectado] BioBridge Principal:5101 → 22ms (Timeout en http://localhost:5101/health)
[2026-09-22 09:52:01] [RESUMEN] Total verificados: 1
[2026-09-22 09:52:01] [FIN] ═════════════════════════════════════════════════════
[2026-09-22 09:52:01] 
[2026-09-22 16:57:01] [INICIO] ═════════════════════════════════════════════════════
[2026-09-22 09:57:01] [CHECK-PUENTE] Verificando disponibilidad del BioBridge...
[2026-09-22 09:57:01] [PUENTE-OK] ✓ BioBridge ACTIVO (latencia: 1ms)
[2026-09-22 09:57:01] [CHECK-DISPOSITIVOS] BioBridge activo. Verificando dispositivos...
[2026-09-22 09:57:01] [DISPOSITIVOS-OK] ✓ Verificación completada
[2026-09-22 09:57:01] [DISPOSITIVO] [desconectado] BioBridge Principal:5101 → 1ms (Timeout en http://localhost:5101/health)
[2026-09-22 09:57:01] [RESUMEN] Total verificados: 1
[2026-09-22 09:57:01] [FIN] ═════════════════════════════════════════════════════
[2026-09-22 09:57:01] 
[2026-09-22 17:02:01] [INICIO] ═════════════════════════════════════════════════════
[2026-09-22 10:02:01] [CHECK-PUENTE] Verificando disponibilidad del BioBridge...
[2026-09-22 10:02:01] [PUENTE-OK] ✓ BioBridge ACTIVO (latencia: 11ms)
[2026-09-22 10:02:01] [CHECK-DISPOSITIVOS] BioBridge activo. Verificando dispositivos...
[2026-09-22 10:02:01] [DISPOSITIVOS-OK] ✓ Verificación completada
[2026-09-22 10:02:01] [DISPOSITIVO] [desconectado] BioBridge Principal:5101 → 16ms (Timeout en http://localhost:5101/health)
[2026-09-22 10:02:01] [RESUMEN] Total verificados: 1
[2026-09-22 10:02:01] [FIN] ═════════════════════════════════════════════════════
[2026-09-22 10:02:01] 
[2026-09-22 17:07:01] [INICIO] ═════════════════════════════════════════════════════
[2026-09-22 10:07:01] [CHECK-PUENTE] Verificando disponibilidad del BioBridge...
[2026-09-22 10:07:01] [PUENTE-OK] ✓ BioBridge ACTIVO (latencia: 21ms)
[2026-09-22 10:07:01] [CHECK-DISPOSITIVOS] BioBridge activo. Verificando dispositivos...
[2026-09-22 10:07:01] [DISPOSITIVOS-OK] ✓ Verificación completada
[2026-09-22 10:07:01] [DISPOSITIVO] [desconectado] BioBridge Principal:5101 → 14ms (Timeout en http://localhost:5101/health)
[2026-09-22 10:07:01] [RESUMEN] Total verificados: 1
[2026-09-22 10:07:01] [FIN] ═════════════════════════════════════════════════════
[2026-09-22 10:07:01] 
[2026-09-22 17:12:01] [INICIO] ═════════════════════════════════════════════════════
[2026-09-22 10:12:01] [CHECK-PUENTE] Verificando disponibilidad del BioBridge...
[2026-09-22 10:12:01] [PUENTE-OK] ✓ BioBridge ACTIVO (latencia: 23ms)
[2026-09-22 10:12:01] [CHECK-DISPOSITIVOS] BioBridge activo. Verificando dispositivos...
[2026-09-22 10:12:01] [DISPOSITIVOS-OK] ✓ Verificación completada
[2026-09-22 10:12:01] [DISPOSITIVO] [desconectado] BioBridge Principal:5101 → 16ms (Timeout en http://localhost:5101/health)
[2026-09-22 10:12:01] [RESUMEN] Total verificados: 1
[2026-09-22 10:12:01] [FIN] ═════════════════════════════════════════════════════
[2026-09-22 10:12:01] 
[2026-09-22 17:17:01] [INICIO] ═════════════════════════════════════════════════════
[2026-09-22 10:17:01] [CHECK-PUENTE] Verificando disponibilidad del BioBridge...
[2026-09-22 10:17:01] [PUENTE-OK] ✓ BioBridge ACTIVO (latencia: 1ms)
[2026-09-22 10:17:01] [CHECK-DISPOSITIVOS] BioBridge activo. Verificando dispositivos...
[2026-09-22 10:17:01] [DISPOSITIVOS-OK] ✓ Verificación completada
[2026-09-22 10:17:01] [DISPOSITIVO] [desconectado] BioBridge Principal:5101 → 15ms (Timeout en http://localhost:5101/health)
[2026-09-22 10:17:01] [RESUMEN] Total verificados: 1
[2026-09-22 10:17:01] [FIN] ═════════════════════════════════════════════════════
[2026-09-22 10:17:01] 
[2026-09-22 17:22:01] [INICIO] ═════════════════════════════════════════════════════
[2026-09-22 10:22:01] [CHECK-PUENTE] Verificando disponibilidad del BioBridge...
[2026-09-22 10:22:01] [PUENTE-OK] ✓ BioBridge ACTIVO (latencia: 11ms)
[2026-09-22 10:22:01] [CHECK-DISPOSITIVOS] BioBridge activo. Verificando dispositivos...
[2026-09-22 10:22:01] [DISPOSITIVOS-OK] ✓ Verificación completada
[2026-09-22 10:22:01] [DISPOSITIVO] [desconectado] BioBridge Principal:5101 → 16ms (Timeout en http://localhost:5101/health)
[2026-09-22 10:22:01] [RESUMEN] Total verificados: 1
[2026-09-22 10:22:01] [FIN] ═════════════════════════════════════════════════════
[2026-09-22 10:22:01] 
[2026-09-22 17:27:01] [INICIO] ═════════════════════════════════════════════════════
[2026-09-22 10:27:01] [CHECK-PUENTE] Verificando disponibilidad del BioBridge...
[2026-09-22 10:27:01] [PUENTE-OK] ✓ BioBridge ACTIVO (latencia: 22ms)
[2026-09-22 10:27:01] [CHECK-DISPOSITIVOS] BioBridge activo. Verificando dispositivos...
[2026-09-22 10:27:01] [DISPOSITIVOS-OK] ✓ Verificación completada
[2026-09-22 10:27:01] [DISPOSITIVO] [desconectado] BioBridge Principal:5101 → 3ms (Timeout en http://localhost:5101/health)
[2026-09-22 10:27:01] [RESUMEN] Total verificados: 1
[2026-09-22 10:27:01] [FIN] ═════════════════════════════════════════════════════
[2026-09-22 10:27:01] 
[2026-09-22 17:32:01] [INICIO] ═════════════════════════════════════════════════════
[2026-09-22 10:32:01] [CHECK-PUENTE] Verificando disponibilidad del BioBridge...
[2026-09-22 10:32:01] [PUENTE-OK] ✓ BioBridge ACTIVO (latencia: 25ms)
[2026-09-22 10:32:01] [CHECK-DISPOSITIVOS] BioBridge activo. Verificando dispositivos...
[2026-09-22 10:32:01] [DISPOSITIVOS-OK] ✓ Verificación completada
[2026-09-22 10:32:01] [DISPOSITIVO] [desconectado] BioBridge Principal:5101 → 30ms (Timeout en http://localhost:5101/health)
[2026-09-22 10:32:01] [RESUMEN] Total verificados: 1
[2026-09-22 10:32:01] [FIN] ═════════════════════════════════════════════════════
[2026-09-22 10:32:01] 
[2026-09-22 17:37:01] [INICIO] ═════════════════════════════════════════════════════
[2026-09-22 10:37:01] [CHECK-PUENTE] Verificando disponibilidad del BioBridge...
[2026-09-22 10:37:01] [PUENTE-OK] ✓ BioBridge ACTIVO (latencia: 19ms)
[2026-09-22 10:37:01] [CHECK-DISPOSITIVOS] BioBridge activo. Verificando dispositivos...
[2026-09-22 10:37:01] [DISPOSITIVOS-OK] ✓ Verificación completada
[2026-09-22 10:37:01] [DISPOSITIVO] [desconectado] BioBridge Principal:5101 → 15ms (Timeout en http://localhost:5101/health)
[2026-09-22 10:37:01] [RESUMEN] Total verificados: 1
[2026-09-22 10:37:01] [FIN] ═════════════════════════════════════════════════════
[2026-09-22 10:37:01] 
[2026-09-22 17:42:01] [INICIO] ═════════════════════════════════════════════════════
[2026-09-22 10:42:01] [CHECK-PUENTE] Verificando disponibilidad del BioBridge...
[2026-09-22 10:42:01] [PUENTE-OK] ✓ BioBridge ACTIVO (latencia: 1ms)
[2026-09-22 10:42:01] [CHECK-DISPOSITIVOS] BioBridge activo. Verificando dispositivos...
[2026-09-22 10:42:01] [DISPOSITIVOS-OK] ✓ Verificación completada
[2026-09-22 10:42:01] [DISPOSITIVO] [desconectado] BioBridge Principal:5101 → 1ms (Timeout en http://localhost:5101/health)
[2026-09-22 10:42:01] [RESUMEN] Total verificados: 1
[2026-09-22 10:42:01] [FIN] ═════════════════════════════════════════════════════
[2026-09-22 10:42:01] 
[2026-09-22 17:47:01] [INICIO] ═════════════════════════════════════════════════════
[2026-09-22 10:47:01] [CHECK-PUENTE] Verificando disponibilidad del BioBridge...
[2026-09-22 10:47:01] [PUENTE-OK] ✓ BioBridge ACTIVO (latencia: 17ms)
[2026-09-22 10:47:01] [CHECK-DISPOSITIVOS] BioBridge activo. Verificando dispositivos...
[2026-09-22 10:47:01] [DISPOSITIVOS-OK] ✓ Verificación completada
[2026-09-22 10:47:01] [DISPOSITIVO] [desconectado] BioBridge Principal:5101 → 16ms (Timeout en http://localhost:5101/health)
[2026-09-22 10:47:01] [RESUMEN] Total verificados: 1
[2026-09-22 10:47:01] [FIN] ═════════════════════════════════════════════════════
[2026-09-22 10:47:01] 
[2026-09-22 17:52:01] [INICIO] ═════════════════════════════════════════════════════
[2026-09-22 10:52:01] [CHECK-PUENTE] Verificando disponibilidad del BioBridge...
[2026-09-22 10:52:01] [PUENTE-OK] ✓ BioBridge ACTIVO (latencia: 20ms)
[2026-09-22 10:52:01] [CHECK-DISPOSITIVOS] BioBridge activo. Verificando dispositivos...
[2026-09-22 10:52:01] [DISPOSITIVOS-OK] ✓ Verificación completada
[2026-09-22 10:52:01] [DISPOSITIVO] [desconectado] BioBridge Principal:5101 → 16ms (Timeout en http://localhost:5101/health)
[2026-09-22 10:52:01] [RESUMEN] Total verificados: 1
[2026-09-22 10:52:01] [FIN] ═════════════════════════════════════════════════════
[2026-09-22 10:52:01] 
[2026-09-22 17:57:01] [INICIO] ═════════════════════════════════════════════════════
[2026-09-22 10:57:01] [CHECK-PUENTE] Verificando disponibilidad del BioBridge...
[2026-09-22 10:57:01] [PUENTE-OK] ✓ BioBridge ACTIVO (latencia: 14ms)
[2026-09-22 10:57:01] [CHECK-DISPOSITIVOS] BioBridge activo. Verificando dispositivos...
[2026-09-22 10:57:01] [DISPOSITIVOS-OK] ✓ Verificación completada
[2026-09-22 10:57:01] [DISPOSITIVO] [desconectado] BioBridge Principal:5101 → 15ms (Timeout en http://localhost:5101/health)
[2026-09-22 10:57:01] [RESUMEN] Total verificados: 1
[2026-09-22 10:57:01] [FIN] ═════════════════════════════════════════════════════
[2026-09-22 10:57:01] 
[2026-09-22 18:02:01] [INICIO] ═════════════════════════════════════════════════════
[2026-09-22 11:02:01] [CHECK-PUENTE] Verificando disponibilidad del BioBridge...
[2026-09-22 11:02:01] [PUENTE-OK] ✓ BioBridge ACTIVO (latencia: 20ms)
[2026-09-22 11:02:01] [CHECK-DISPOSITIVOS] BioBridge activo. Verificando dispositivos...
[2026-09-22 11:02:01] [DISPOSITIVOS-OK] ✓ Verificación completada
[2026-09-22 11:02:01] [DISPOSITIVO] [desconectado] BioBridge Principal:5101 → 14ms (Timeout en http://localhost:5101/health)
[2026-09-22 11:02:01] [RESUMEN] Total verificados: 1
[2026-09-22 11:02:01] [FIN] ═════════════════════════════════════════════════════
[2026-09-22 11:02:01] 
[2026-09-22 18:07:01] [INICIO] ═════════════════════════════════════════════════════
[2026-09-22 11:07:01] [CHECK-PUENTE] Verificando disponibilidad del BioBridge...
[2026-09-22 11:07:01] [PUENTE-OK] ✓ BioBridge ACTIVO (latencia: 22ms)
[2026-09-22 11:07:01] [CHECK-DISPOSITIVOS] BioBridge activo. Verificando dispositivos...
[2026-09-22 11:07:01] [DISPOSITIVOS-OK] ✓ Verificación completada
[2026-09-22 11:07:01] [DISPOSITIVO] [desconectado] BioBridge Principal:5101 → 14ms (Timeout en http://localhost:5101/health)
[2026-09-22 11:07:01] [RESUMEN] Total verificados: 1
[2026-09-22 11:07:01] [FIN] ═════════════════════════════════════════════════════
[2026-09-22 11:07:01] 
[2026-09-22 18:12:01] [INICIO] ═════════════════════════════════════════════════════
[2026-09-22 11:12:01] [CHECK-PUENTE] Verificando disponibilidad del BioBridge...
[2026-09-22 11:12:01] [PUENTE-OK] ✓ BioBridge ACTIVO (latencia: 27ms)
[2026-09-22 11:12:01] [CHECK-DISPOSITIVOS] BioBridge activo. Verificando dispositivos...
[2026-09-22 11:12:01] [DISPOSITIVOS-OK] ✓ Verificación completada
[2026-09-22 11:12:01] [DISPOSITIVO] [desconectado] BioBridge Principal:5101 → 14ms (Timeout en http://localhost:5101/health)
[2026-09-22 11:12:01] [RESUMEN] Total verificados: 1
[2026-09-22 11:12:01] [FIN] ═════════════════════════════════════════════════════
[2026-09-22 11:12:01] 
[2026-09-22 18:17:01] [INICIO] ═════════════════════════════════════════════════════
[2026-09-22 11:17:01] [CHECK-PUENTE] Verificando disponibilidad del BioBridge...
[2026-09-22 11:17:01] [PUENTE-OK] ✓ BioBridge ACTIVO (latencia: 13ms)
[2026-09-22 11:17:01] [CHECK-DISPOSITIVOS] BioBridge activo. Verificando dispositivos...
[2026-09-22 11:17:01] [DISPOSITIVOS-OK] ✓ Verificación completada
[2026-09-22 11:17:01] [DISPOSITIVO] [desconectado] BioBridge Principal:5101 → 15ms (Timeout en http://localhost:5101/health)
[2026-09-22 11:17:01] [RESUMEN] Total verificados: 1
[2026-09-22 11:17:01] [FIN] ═════════════════════════════════════════════════════
[2026-09-22 11:17:01] 
[2026-09-22 18:22:01] [INICIO] ═════════════════════════════════════════════════════
[2026-09-22 11:22:01] [CHECK-PUENTE] Verificando disponibilidad del BioBridge...
[2026-09-22 11:22:01] [PUENTE-OK] ✓ BioBridge ACTIVO (latencia: 19ms)
[2026-09-22 11:22:01] [CHECK-DISPOSITIVOS] BioBridge activo. Verificando dispositivos...
[2026-09-22 11:22:01] [DISPOSITIVOS-OK] ✓ Verificación completada
[2026-09-22 11:22:01] [DISPOSITIVO] [desconectado] BioBridge Principal:5101 → 13ms (Timeout en http://localhost:5101/health)
[2026-09-22 11:22:01] [RESUMEN] Total verificados: 1
[2026-09-22 11:22:01] [FIN] ═════════════════════════════════════════════════════
[2026-09-22 11:22:01] 
[2026-09-22 18:27:01] [INICIO] ═════════════════════════════════════════════════════
[2026-09-22 11:27:01] [CHECK-PUENTE] Verificando disponibilidad del BioBridge...
[2026-09-22 11:27:01] [PUENTE-OK] ✓ BioBridge ACTIVO (latencia: 25ms)
[2026-09-22 11:27:01] [CHECK-DISPOSITIVOS] BioBridge activo. Verificando dispositivos...
[2026-09-22 11:27:01] [DISPOSITIVOS-OK] ✓ Verificación completada
[2026-09-22 11:27:01] [DISPOSITIVO] [desconectado] BioBridge Principal:5101 → 14ms (Timeout en http://localhost:5101/health)
[2026-09-22 11:27:01] [RESUMEN] Total verificados: 1
[2026-09-22 11:27:01] [FIN] ═════════════════════════════════════════════════════
[2026-09-22 11:27:01] 
[2026-09-22 18:32:01] [INICIO] ═════════════════════════════════════════════════════
[2026-09-22 11:32:01] [CHECK-PUENTE] Verificando disponibilidad del BioBridge...
[2026-09-22 11:32:01] [PUENTE-OK] ✓ BioBridge ACTIVO (latencia: 23ms)
[2026-09-22 11:32:01] [CHECK-DISPOSITIVOS] BioBridge activo. Verificando dispositivos...
[2026-09-22 11:32:01] [DISPOSITIVOS-OK] ✓ Verificación completada
[2026-09-22 11:32:01] [DISPOSITIVO] [desconectado] BioBridge Principal:5101 → 15ms (Timeout en http://localhost:5101/health)
[2026-09-22 11:32:01] [RESUMEN] Total verificados: 1
[2026-09-22 11:32:01] [FIN] ═════════════════════════════════════════════════════
[2026-09-22 11:32:01] 
[2026-09-22 18:37:01] [INICIO] ═════════════════════════════════════════════════════
[2026-09-22 11:37:01] [CHECK-PUENTE] Verificando disponibilidad del BioBridge...
[2026-09-22 11:37:01] [PUENTE-OK] ✓ BioBridge ACTIVO (latencia: 2ms)
[2026-09-22 11:37:01] [CHECK-DISPOSITIVOS] BioBridge activo. Verificando dispositivos...
[2026-09-22 11:37:01] [DISPOSITIVOS-OK] ✓ Verificación completada
[2026-09-22 11:37:01] [DISPOSITIVO] [desconectado] BioBridge Principal:5101 → 1ms (Timeout en http://localhost:5101/health)
[2026-09-22 11:37:01] [RESUMEN] Total verificados: 1
[2026-09-22 11:37:01] [FIN] ═════════════════════════════════════════════════════
[2026-09-22 11:37:01] 
[2026-09-22 18:42:01] [INICIO] ═════════════════════════════════════════════════════
[2026-09-22 11:42:01] [CHECK-PUENTE] Verificando disponibilidad del BioBridge...
[2026-09-22 11:42:01] [PUENTE-OK] ✓ BioBridge ACTIVO (latencia: 11ms)
[2026-09-22 11:42:01] [CHECK-DISPOSITIVOS] BioBridge activo. Verificando dispositivos...
[2026-09-22 11:42:01] [DISPOSITIVOS-OK] ✓ Verificación completada
[2026-09-22 11:42:01] [DISPOSITIVO] [desconectado] BioBridge Principal:5101 → 15ms (Timeout en http://localhost:5101/health)
[2026-09-22 11:42:01] [RESUMEN] Total verificados: 1
[2026-09-22 11:42:01] [FIN] ═════════════════════════════════════════════════════
[2026-09-22 11:42:01] 
[2026-09-22 18:47:01] [INICIO] ═════════════════════════════════════════════════════
[2026-09-22 11:47:01] [CHECK-PUENTE] Verificando disponibilidad del BioBridge...
[2026-09-22 11:47:01] [PUENTE-OK] ✓ BioBridge ACTIVO (latencia: 15ms)
[2026-09-22 11:47:01] [CHECK-DISPOSITIVOS] BioBridge activo. Verificando dispositivos...
[2026-09-22 11:47:01] [DISPOSITIVOS-OK] ✓ Verificación completada
[2026-09-22 11:47:01] [DISPOSITIVO] [desconectado] BioBridge Principal:5101 → 25ms (Timeout en http://localhost:5101/health)
[2026-09-22 11:47:01] [RESUMEN] Total verificados: 1
[2026-09-22 11:47:01] [FIN] ═════════════════════════════════════════════════════
[2026-09-22 11:47:01] 
[2026-09-22 18:52:01] [INICIO] ═════════════════════════════════════════════════════
[2026-09-22 11:52:01] [CHECK-PUENTE] Verificando disponibilidad del BioBridge...
[2026-09-22 11:52:01] [PUENTE-OK] ✓ BioBridge ACTIVO (latencia: 16ms)
[2026-09-22 11:52:01] [CHECK-DISPOSITIVOS] BioBridge activo. Verificando dispositivos...
[2026-09-22 11:52:01] [DISPOSITIVOS-OK] ✓ Verificación completada
[2026-09-22 11:52:01] [DISPOSITIVO] [desconectado] BioBridge Principal:5101 → 15ms (Timeout en http://localhost:5101/health)
[2026-09-22 11:52:01] [RESUMEN] Total verificados: 1
[2026-09-22 11:52:01] [FIN] ═════════════════════════════════════════════════════
[2026-09-22 11:52:01] 
[2026-09-22 18:57:01] [INICIO] ═════════════════════════════════════════════════════
[2026-09-22 11:57:01] [CHECK-PUENTE] Verificando disponibilidad del BioBridge...
[2026-09-22 11:57:01] [PUENTE-OK] ✓ BioBridge ACTIVO (latencia: 24ms)
[2026-09-22 11:57:01] [CHECK-DISPOSITIVOS] BioBridge activo. Verificando dispositivos...
[2026-09-22 11:57:01] [DISPOSITIVOS-OK] ✓ Verificación completada
[2026-09-22 11:57:01] [DISPOSITIVO] [desconectado] BioBridge Principal:5101 → 18ms (Timeout en http://localhost:5101/health)
[2026-09-22 11:57:01] [RESUMEN] Total verificados: 1
[2026-09-22 11:57:01] [FIN] ═════════════════════════════════════════════════════
[2026-09-22 11:57:01] 
[2026-09-22 19:02:01] [INICIO] ═════════════════════════════════════════════════════
[2026-09-22 12:02:01] [CHECK-PUENTE] Verificando disponibilidad del BioBridge...
[2026-09-22 12:02:01] [PUENTE-OK] ✓ BioBridge ACTIVO (latencia: 21ms)
[2026-09-22 12:02:01] [CHECK-DISPOSITIVOS] BioBridge activo. Verificando dispositivos...
[2026-09-22 12:02:01] [DISPOSITIVOS-OK] ✓ Verificación completada
[2026-09-22 12:02:01] [DISPOSITIVO] [desconectado] BioBridge Principal:5101 → 15ms (Timeout en http://localhost:5101/health)
[2026-09-22 12:02:01] [RESUMEN] Total verificados: 1
[2026-09-22 12:02:01] [FIN] ═════════════════════════════════════════════════════
[2026-09-22 12:02:01] 
[2026-09-22 19:07:01] [INICIO] ═════════════════════════════════════════════════════
[2026-09-22 12:07:01] [CHECK-PUENTE] Verificando disponibilidad del BioBridge...
[2026-09-22 12:07:01] [PUENTE-OK] ✓ BioBridge ACTIVO (latencia: 24ms)
[2026-09-22 12:07:01] [CHECK-DISPOSITIVOS] BioBridge activo. Verificando dispositivos...
[2026-09-22 12:07:01] [DISPOSITIVOS-OK] ✓ Verificación completada
[2026-09-22 12:07:01] [DISPOSITIVO] [desconectado] BioBridge Principal:5101 → 2ms (Timeout en http://localhost:5101/health)
[2026-09-22 12:07:01] [RESUMEN] Total verificados: 1
[2026-09-22 12:07:01] [FIN] ═════════════════════════════════════════════════════
[2026-09-22 12:07:01] 
[2026-09-22 19:12:01] [INICIO] ═════════════════════════════════════════════════════
[2026-09-22 12:12:01] [CHECK-PUENTE] Verificando disponibilidad del BioBridge...
[2026-09-22 12:12:01] [PUENTE-OK] ✓ BioBridge ACTIVO (latencia: 16ms)
[2026-09-22 12:12:01] [CHECK-DISPOSITIVOS] BioBridge activo. Verificando dispositivos...
[2026-09-22 12:12:01] [DISPOSITIVOS-OK] ✓ Verificación completada
[2026-09-22 12:12:01] [DISPOSITIVO] [desconectado] BioBridge Principal:5101 → 2ms (Timeout en http://localhost:5101/health)
[2026-09-22 12:12:01] [RESUMEN] Total verificados: 1
[2026-09-22 12:12:01] [FIN] ═════════════════════════════════════════════════════
[2026-09-22 12:12:01] 
[2026-09-22 19:17:01] [INICIO] ═════════════════════════════════════════════════════
[2026-09-22 12:17:01] [CHECK-PUENTE] Verificando disponibilidad del BioBridge...
[2026-09-22 12:17:01] [PUENTE-OK] ✓ BioBridge ACTIVO (latencia: 11ms)
[2026-09-22 12:17:01] [CHECK-DISPOSITIVOS] BioBridge activo. Verificando dispositivos...
[2026-09-22 12:17:01] [DISPOSITIVOS-OK] ✓ Verificación completada
[2026-09-22 12:17:01] [DISPOSITIVO] [desconectado] BioBridge Principal:5101 → 1ms (Timeout en http://localhost:5101/health)
[2026-09-22 12:17:01] [RESUMEN] Total verificados: 1
[2026-09-22 12:17:01] [FIN] ═════════════════════════════════════════════════════
[2026-09-22 12:17:01] 
[2026-09-22 19:22:01] [INICIO] ═════════════════════════════════════════════════════
[2026-09-22 12:22:01] [CHECK-PUENTE] Verificando disponibilidad del BioBridge...
[2026-09-22 12:22:01] [PUENTE-OK] ✓ BioBridge ACTIVO (latencia: 11ms)
[2026-09-22 12:22:01] [CHECK-DISPOSITIVOS] BioBridge activo. Verificando dispositivos...
[2026-09-22 12:22:01] [DISPOSITIVOS-OK] ✓ Verificación completada
[2026-09-22 12:22:01] [DISPOSITIVO] [desconectado] BioBridge Principal:5101 → 15ms (Timeout en http://localhost:5101/health)
[2026-09-22 12:22:01] [RESUMEN] Total verificados: 1
[2026-09-22 12:22:01] [FIN] ═════════════════════════════════════════════════════
[2026-09-22 12:22:01] 
[2026-09-22 19:27:01] [INICIO] ═════════════════════════════════════════════════════
[2026-09-22 12:27:01] [CHECK-PUENTE] Verificando disponibilidad del BioBridge...
[2026-09-22 12:27:01] [PUENTE-OK] ✓ BioBridge ACTIVO (latencia: 12ms)
[2026-09-22 12:27:01] [CHECK-DISPOSITIVOS] BioBridge activo. Verificando dispositivos...
[2026-09-22 12:27:01] [DISPOSITIVOS-OK] ✓ Verificación completada
[2026-09-22 12:27:01] [DISPOSITIVO] [desconectado] BioBridge Principal:5101 → 12ms (Timeout en http://localhost:5101/health)
[2026-09-22 12:27:01] [RESUMEN] Total verificados: 1
[2026-09-22 12:27:01] [FIN] ═════════════════════════════════════════════════════
[2026-09-22 12:27:01] 
[2026-09-22 19:32:01] [INICIO] ═════════════════════════════════════════════════════
[2026-09-22 12:32:01] [CHECK-PUENTE] Verificando disponibilidad del BioBridge...
[2026-09-22 12:32:01] [PUENTE-OK] ✓ BioBridge ACTIVO (latencia: 12ms)
[2026-09-22 12:32:01] [CHECK-DISPOSITIVOS] BioBridge activo. Verificando dispositivos...
[2026-09-22 12:32:01] [DISPOSITIVOS-OK] ✓ Verificación completada
[2026-09-22 12:32:01] [DISPOSITIVO] [desconectado] BioBridge Principal:5101 → 15ms (Timeout en http://localhost:5101/health)
[2026-09-22 12:32:01] [RESUMEN] Total verificados: 1
[2026-09-22 12:32:01] [FIN] ═════════════════════════════════════════════════════
[2026-09-22 12:32:01] 
[2026-09-22 19:37:01] [INICIO] ═════════════════════════════════════════════════════
[2026-09-22 12:37:01] [CHECK-PUENTE] Verificando disponibilidad del BioBridge...
[2026-09-22 12:37:01] [PUENTE-OK] ✓ BioBridge ACTIVO (latencia: 24ms)
[2026-09-22 12:37:01] [CHECK-DISPOSITIVOS] BioBridge activo. Verificando dispositivos...
[2026-09-22 12:37:01] [DISPOSITIVOS-OK] ✓ Verificación completada
[2026-09-22 12:37:01] [DISPOSITIVO] [desconectado] BioBridge Principal:5101 → 1ms (Timeout en http://localhost:5101/health)
[2026-09-22 12:37:01] [RESUMEN] Total verificados: 1
[2026-09-22 12:37:01] [FIN] ═════════════════════════════════════════════════════
[2026-09-22 12:37:01] 
[2026-09-22 19:42:01] [INICIO] ═════════════════════════════════════════════════════
[2026-09-22 12:42:01] [CHECK-PUENTE] Verificando disponibilidad del BioBridge...
[2026-09-22 12:42:01] [PUENTE-OK] ✓ BioBridge ACTIVO (latencia: 10ms)
[2026-09-22 12:42:01] [CHECK-DISPOSITIVOS] BioBridge activo. Verificando dispositivos...
[2026-09-22 12:42:01] [DISPOSITIVOS-OK] ✓ Verificación completada
[2026-09-22 12:42:01] [DISPOSITIVO] [desconectado] BioBridge Principal:5101 → 15ms (Timeout en http://localhost:5101/health)
[2026-09-22 12:42:01] [RESUMEN] Total verificados: 1
[2026-09-22 12:42:01] [FIN] ═════════════════════════════════════════════════════
[2026-09-22 12:42:01] 
[2026-09-22 19:47:01] [INICIO] ═════════════════════════════════════════════════════
[2026-09-22 12:47:01] [CHECK-PUENTE] Verificando disponibilidad del BioBridge...
[2026-09-22 12:47:01] [PUENTE-OK] ✓ BioBridge ACTIVO (latencia: 23ms)
[2026-09-22 12:47:01] [CHECK-DISPOSITIVOS] BioBridge activo. Verificando dispositivos...
[2026-09-22 12:47:01] [DISPOSITIVOS-OK] ✓ Verificación completada
[2026-09-22 12:47:01] [DISPOSITIVO] [desconectado] BioBridge Principal:5101 → 1ms (Timeout en http://localhost:5101/health)
[2026-09-22 12:47:01] [RESUMEN] Total verificados: 1
[2026-09-22 12:47:01] [FIN] ═════════════════════════════════════════════════════
[2026-09-22 12:47:01] 
[2026-09-22 19:52:01] [INICIO] ═════════════════════════════════════════════════════
[2026-09-22 12:52:01] [CHECK-PUENTE] Verificando disponibilidad del BioBridge...
[2026-09-22 12:52:01] [PUENTE-OK] ✓ BioBridge ACTIVO (latencia: 2ms)
[2026-09-22 12:52:01] [CHECK-DISPOSITIVOS] BioBridge activo. Verificando dispositivos...
[2026-09-22 12:52:01] [DISPOSITIVOS-OK] ✓ Verificación completada
[2026-09-22 12:52:01] [DISPOSITIVO] [desconectado] BioBridge Principal:5101 → 14ms (Timeout en http://localhost:5101/health)
[2026-09-22 12:52:01] [RESUMEN] Total verificados: 1
[2026-09-22 12:52:01] [FIN] ═════════════════════════════════════════════════════
[2026-09-22 12:52:01] 
[2026-09-22 19:57:01] [INICIO] ═════════════════════════════════════════════════════
[2026-09-22 12:57:01] [CHECK-PUENTE] Verificando disponibilidad del BioBridge...
[2026-09-22 12:57:01] [PUENTE-OK] ✓ BioBridge ACTIVO (latencia: 24ms)
[2026-09-22 12:57:01] [CHECK-DISPOSITIVOS] BioBridge activo. Verificando dispositivos...
[2026-09-22 12:57:01] [DISPOSITIVOS-OK] ✓ Verificación completada
[2026-09-22 12:57:01] [DISPOSITIVO] [desconectado] BioBridge Principal:5101 → 14ms (Timeout en http://localhost:5101/health)
[2026-09-22 12:57:01] [RESUMEN] Total verificados: 1
[2026-09-22 12:57:01] [FIN] ═════════════════════════════════════════════════════
[2026-09-22 12:57:01] 
[2026-09-22 20:02:01] [INICIO] ═════════════════════════════════════════════════════
[2026-09-22 13:02:01] [CHECK-PUENTE] Verificando disponibilidad del BioBridge...
[2026-09-22 13:02:01] [PUENTE-OK] ✓ BioBridge ACTIVO (latencia: 1ms)
[2026-09-22 13:02:01] [CHECK-DISPOSITIVOS] BioBridge activo. Verificando dispositivos...
[2026-09-22 13:02:01] [DISPOSITIVOS-OK] ✓ Verificación completada
[2026-09-22 13:02:01] [DISPOSITIVO] [desconectado] BioBridge Principal:5101 → 1ms (Timeout en http://localhost:5101/health)
[2026-09-22 13:02:01] [RESUMEN] Total verificados: 1
[2026-09-22 13:02:01] [FIN] ═════════════════════════════════════════════════════
[2026-09-22 13:02:01] 
[2026-09-22 20:07:01] [INICIO] ═════════════════════════════════════════════════════
[2026-09-22 13:07:01] [CHECK-PUENTE] Verificando disponibilidad del BioBridge...
[2026-09-22 13:07:01] [PUENTE-OK] ✓ BioBridge ACTIVO (latencia: 26ms)
[2026-09-22 13:07:01] [CHECK-DISPOSITIVOS] BioBridge activo. Verificando dispositivos...
[2026-09-22 13:07:01] [DISPOSITIVOS-OK] ✓ Verificación completada
[2026-09-22 13:07:01] [DISPOSITIVO] [desconectado] BioBridge Principal:5101 → 16ms (Timeout en http://localhost:5101/health)
[2026-09-22 13:07:01] [RESUMEN] Total verificados: 1
[2026-09-22 13:07:01] [FIN] ═════════════════════════════════════════════════════
[2026-09-22 13:07:01] 
[2026-09-22 20:12:01] [INICIO] ═════════════════════════════════════════════════════
[2026-09-22 13:12:01] [CHECK-PUENTE] Verificando disponibilidad del BioBridge...
[2026-09-22 13:12:01] [PUENTE-OK] ✓ BioBridge ACTIVO (latencia: 25ms)
[2026-09-22 13:12:01] [CHECK-DISPOSITIVOS] BioBridge activo. Verificando dispositivos...
[2026-09-22 13:12:01] [DISPOSITIVOS-OK] ✓ Verificación completada
[2026-09-22 13:12:01] [DISPOSITIVO] [desconectado] BioBridge Principal:5101 → 15ms (Timeout en http://localhost:5101/health)
[2026-09-22 13:12:01] [RESUMEN] Total verificados: 1
[2026-09-22 13:12:01] [FIN] ═════════════════════════════════════════════════════
[2026-09-22 13:12:01] 
[2026-09-22 20:17:01] [INICIO] ═════════════════════════════════════════════════════
[2026-09-22 13:17:01] [CHECK-PUENTE] Verificando disponibilidad del BioBridge...
[2026-09-22 13:17:01] [PUENTE-OK] ✓ BioBridge ACTIVO (latencia: 3ms)
[2026-09-22 13:17:01] [CHECK-DISPOSITIVOS] BioBridge activo. Verificando dispositivos...
[2026-09-22 13:17:01] [DISPOSITIVOS-OK] ✓ Verificación completada
[2026-09-22 13:17:01] [DISPOSITIVO] [desconectado] BioBridge Principal:5101 → 13ms (Timeout en http://localhost:5101/health)
[2026-09-22 13:17:01] [RESUMEN] Total verificados: 1
[2026-09-22 13:17:01] [FIN] ═════════════════════════════════════════════════════
[2026-09-22 13:17:01] 
[2026-09-22 20:22:01] [INICIO] ═════════════════════════════════════════════════════
[2026-09-22 13:22:01] [CHECK-PUENTE] Verificando disponibilidad del BioBridge...
[2026-09-22 13:22:01] [PUENTE-OK] ✓ BioBridge ACTIVO (latencia: 20ms)
[2026-09-22 13:22:01] [CHECK-DISPOSITIVOS] BioBridge activo. Verificando dispositivos...
[2026-09-22 13:22:01] [DISPOSITIVOS-OK] ✓ Verificación completada
[2026-09-22 13:22:01] [DISPOSITIVO] [desconectado] BioBridge Principal:5101 → 29ms (Timeout en http://localhost:5101/health)
[2026-09-22 13:22:01] [RESUMEN] Total verificados: 1
[2026-09-22 13:22:01] [FIN] ═════════════════════════════════════════════════════
[2026-09-22 13:22:01] 
[2026-09-22 20:27:01] [INICIO] ═════════════════════════════════════════════════════
[2026-09-22 13:27:01] [CHECK-PUENTE] Verificando disponibilidad del BioBridge...
[2026-09-22 13:27:01] [PUENTE-OK] ✓ BioBridge ACTIVO (latencia: 1ms)
[2026-09-22 13:27:01] [CHECK-DISPOSITIVOS] BioBridge activo. Verificando dispositivos...
[2026-09-22 13:27:01] [DISPOSITIVOS-OK] ✓ Verificación completada
[2026-09-22 13:27:01] [DISPOSITIVO] [desconectado] BioBridge Principal:5101 → 1ms (Timeout en http://localhost:5101/health)
[2026-09-22 13:27:01] [RESUMEN] Total verificados: 1
[2026-09-22 13:27:01] [FIN] ═════════════════════════════════════════════════════
[2026-09-22 13:27:01] 
[2026-09-22 20:32:01] [INICIO] ═════════════════════════════════════════════════════
[2026-09-22 13:32:01] [CHECK-PUENTE] Verificando disponibilidad del BioBridge...
[2026-09-22 13:32:01] [PUENTE-OK] ✓ BioBridge ACTIVO (latencia: 24ms)
[2026-09-22 13:32:01] [CHECK-DISPOSITIVOS] BioBridge activo. Verificando dispositivos...
[2026-09-22 13:32:01] [DISPOSITIVOS-OK] ✓ Verificación completada
[2026-09-22 13:32:01] [DISPOSITIVO] [desconectado] BioBridge Principal:5101 → 14ms (Timeout en http://localhost:5101/health)
[2026-09-22 13:32:01] [RESUMEN] Total verificados: 1
[2026-09-22 13:32:01] [FIN] ═════════════════════════════════════════════════════
[2026-09-22 13:32:01] 
[2026-09-22 20:37:01] [INICIO] ═════════════════════════════════════════════════════
[2026-09-22 13:37:01] [CHECK-PUENTE] Verificando disponibilidad del BioBridge...
[2026-09-22 13:37:01] [PUENTE-OK] ✓ BioBridge ACTIVO (latencia: 3ms)
[2026-09-22 13:37:01] [CHECK-DISPOSITIVOS] BioBridge activo. Verificando dispositivos...
[2026-09-22 13:37:01] [DISPOSITIVOS-OK] ✓ Verificación completada
[2026-09-22 13:37:01] [DISPOSITIVO] [desconectado] BioBridge Principal:5101 → 2ms (Timeout en http://localhost:5101/health)
[2026-09-22 13:37:01] [RESUMEN] Total verificados: 1
[2026-09-22 13:37:01] [FIN] ═════════════════════════════════════════════════════
[2026-09-22 13:37:01] 
[2026-09-22 20:42:02] [INICIO] ═════════════════════════════════════════════════════
[2026-09-22 13:42:02] [CHECK-PUENTE] Verificando disponibilidad del BioBridge...
[2026-09-22 13:42:02] [PUENTE-OK] ✓ BioBridge ACTIVO (latencia: 22ms)
[2026-09-22 13:42:02] [CHECK-DISPOSITIVOS] BioBridge activo. Verificando dispositivos...
[2026-09-22 13:42:02] [DISPOSITIVOS-OK] ✓ Verificación completada
[2026-09-22 13:42:02] [DISPOSITIVO] [desconectado] BioBridge Principal:5101 → 1ms (Timeout en http://localhost:5101/health)
[2026-09-22 13:42:02] [RESUMEN] Total verificados: 1
[2026-09-22 13:42:02] [FIN] ═════════════════════════════════════════════════════
[2026-09-22 13:42:02] 
[2026-09-22 20:47:01] [INICIO] ═════════════════════════════════════════════════════
[2026-09-22 13:47:02] [CHECK-PUENTE] Verificando disponibilidad del BioBridge...
[2026-09-22 13:47:02] [PUENTE-OK] ✓ BioBridge ACTIVO (latencia: 1ms)
[2026-09-22 13:47:02] [CHECK-DISPOSITIVOS] BioBridge activo. Verificando dispositivos...
[2026-09-22 13:47:02] [DISPOSITIVOS-OK] ✓ Verificación completada
[2026-09-22 13:47:02] [DISPOSITIVO] [desconectado] BioBridge Principal:5101 → 1ms (Timeout en http://localhost:5101/health)
[2026-09-22 13:47:02] [RESUMEN] Total verificados: 1
[2026-09-22 13:47:02] [FIN] ═════════════════════════════════════════════════════
[2026-09-22 13:47:02] 
[2026-09-22 20:52:01] [INICIO] ═════════════════════════════════════════════════════
[2026-09-22 13:52:01] [CHECK-PUENTE] Verificando disponibilidad del BioBridge...
[2026-09-22 13:52:01] [PUENTE-OK] ✓ BioBridge ACTIVO (latencia: 1ms)
[2026-09-22 13:52:01] [CHECK-DISPOSITIVOS] BioBridge activo. Verificando dispositivos...
[2026-09-22 13:52:01] [DISPOSITIVOS-OK] ✓ Verificación completada
[2026-09-22 13:52:01] [DISPOSITIVO] [desconectado] BioBridge Principal:5101 → 15ms (Timeout en http://localhost:5101/health)
[2026-09-22 13:52:01] [RESUMEN] Total verificados: 1
[2026-09-22 13:52:01] [FIN] ═════════════════════════════════════════════════════
[2026-09-22 13:52:01] 
[2026-09-22 20:57:01] [INICIO] ═════════════════════════════════════════════════════
[2026-09-22 13:57:01] [CHECK-PUENTE] Verificando disponibilidad del BioBridge...
[2026-09-22 13:57:01] [PUENTE-OK] ✓ BioBridge ACTIVO (latencia: 23ms)
[2026-09-22 13:57:01] [CHECK-DISPOSITIVOS] BioBridge activo. Verificando dispositivos...
[2026-09-22 13:57:01] [DISPOSITIVOS-OK] ✓ Verificación completada
[2026-09-22 13:57:01] [DISPOSITIVO] [desconectado] BioBridge Principal:5101 → 16ms (Timeout en http://localhost:5101/health)
[2026-09-22 13:57:01] [RESUMEN] Total verificados: 1
[2026-09-22 13:57:01] [FIN] ═════════════════════════════════════════════════════
[2026-09-22 13:57:01] 
[2026-09-22 21:02:01] [INICIO] ═════════════════════════════════════════════════════
[2026-09-22 14:02:01] [CHECK-PUENTE] Verificando disponibilidad del BioBridge...
[2026-09-22 14:02:01] [PUENTE-OK] ✓ BioBridge ACTIVO (latencia: 1ms)
[2026-09-22 14:02:01] [CHECK-DISPOSITIVOS] BioBridge activo. Verificando dispositivos...
[2026-09-22 14:02:01] [DISPOSITIVOS-OK] ✓ Verificación completada
[2026-09-22 14:02:01] [DISPOSITIVO] [desconectado] BioBridge Principal:5101 → 2ms (Timeout en http://localhost:5101/health)
[2026-09-22 14:02:01] [RESUMEN] Total verificados: 1
[2026-09-22 14:02:01] [FIN] ═════════════════════════════════════════════════════
[2026-09-22 14:02:01] 
[2026-09-22 21:07:01] [INICIO] ═════════════════════════════════════════════════════
[2026-09-22 14:07:01] [CHECK-PUENTE] Verificando disponibilidad del BioBridge...
[2026-09-22 14:07:01] [PUENTE-OK] ✓ BioBridge ACTIVO (latencia: 22ms)
[2026-09-22 14:07:01] [CHECK-DISPOSITIVOS] BioBridge activo. Verificando dispositivos...
[2026-09-22 14:07:01] [DISPOSITIVOS-OK] ✓ Verificación completada
[2026-09-22 14:07:01] [DISPOSITIVO] [desconectado] BioBridge Principal:5101 → 16ms (Timeout en http://localhost:5101/health)
[2026-09-22 14:07:01] [RESUMEN] Total verificados: 1
[2026-09-22 14:07:01] [FIN] ═════════════════════════════════════════════════════
[2026-09-22 14:07:01] 
[2026-09-22 21:12:01] [INICIO] ═════════════════════════════════════════════════════
[2026-09-22 14:12:01] [CHECK-PUENTE] Verificando disponibilidad del BioBridge...
[2026-09-22 14:12:01] [PUENTE-OK] ✓ BioBridge ACTIVO (latencia: 11ms)
[2026-09-22 14:12:01] [CHECK-DISPOSITIVOS] BioBridge activo. Verificando dispositivos...
[2026-09-22 14:12:01] [DISPOSITIVOS-OK] ✓ Verificación completada
[2026-09-22 14:12:01] [DISPOSITIVO] [desconectado] BioBridge Principal:5101 → 15ms (Timeout en http://localhost:5101/health)
[2026-09-22 14:12:01] [RESUMEN] Total verificados: 1
[2026-09-22 14:12:01] [FIN] ═════════════════════════════════════════════════════
[2026-09-22 14:12:01] 
[2026-09-22 21:17:01] [INICIO] ═════════════════════════════════════════════════════
[2026-09-22 14:17:01] [CHECK-PUENTE] Verificando disponibilidad del BioBridge...
[2026-09-22 14:17:01] [PUENTE-OK] ✓ BioBridge ACTIVO (latencia: 24ms)
[2026-09-22 14:17:01] [CHECK-DISPOSITIVOS] BioBridge activo. Verificando dispositivos...
[2026-09-22 14:17:01] [DISPOSITIVOS-OK] ✓ Verificación completada
[2026-09-22 14:17:01] [DISPOSITIVO] [desconectado] BioBridge Principal:5101 → 15ms (Timeout en http://localhost:5101/health)
[2026-09-22 14:17:01] [RESUMEN] Total verificados: 1
[2026-09-22 14:17:01] [FIN] ═════════════════════════════════════════════════════
[2026-09-22 14:17:01] 
[2026-09-22 21:22:01] [INICIO] ═════════════════════════════════════════════════════
[2026-09-22 14:22:01] [CHECK-PUENTE] Verificando disponibilidad del BioBridge...
[2026-09-22 14:22:01] [PUENTE-OK] ✓ BioBridge ACTIVO (latencia: 26ms)
[2026-09-22 14:22:01] [CHECK-DISPOSITIVOS] BioBridge activo. Verificando dispositivos...
[2026-09-22 14:22:01] [DISPOSITIVOS-OK] ✓ Verificación completada
[2026-09-22 14:22:01] [DISPOSITIVO] [desconectado] BioBridge Principal:5101 → 14ms (Timeout en http://localhost:5101/health)
[2026-09-22 14:22:01] [RESUMEN] Total verificados: 1
[2026-09-22 14:22:01] [FIN] ═════════════════════════════════════════════════════
[2026-09-22 14:22:01] 
[2026-09-22 21:27:01] [INICIO] ═════════════════════════════════════════════════════
[2026-09-22 14:27:01] [CHECK-PUENTE] Verificando disponibilidad del BioBridge...
[2026-09-22 14:27:01] [PUENTE-OK] ✓ BioBridge ACTIVO (latencia: 26ms)
[2026-09-22 14:27:01] [CHECK-DISPOSITIVOS] BioBridge activo. Verificando dispositivos...
[2026-09-22 14:27:01] [DISPOSITIVOS-OK] ✓ Verificación completada
[2026-09-22 14:27:01] [DISPOSITIVO] [desconectado] BioBridge Principal:5101 → 15ms (Timeout en http://localhost:5101/health)
[2026-09-22 14:27:01] [RESUMEN] Total verificados: 1
[2026-09-22 14:27:01] [FIN] ═════════════════════════════════════════════════════
[2026-09-22 14:27:01] 
[2026-09-22 21:32:01] [INICIO] ═════════════════════════════════════════════════════
[2026-09-22 14:32:01] [CHECK-PUENTE] Verificando disponibilidad del BioBridge...
[2026-09-22 14:32:01] [PUENTE-OK] ✓ BioBridge ACTIVO (latencia: 10ms)
[2026-09-22 14:32:01] [CHECK-DISPOSITIVOS] BioBridge activo. Verificando dispositivos...
[2026-09-22 14:32:01] [DISPOSITIVOS-OK] ✓ Verificación completada
[2026-09-22 14:32:01] [DISPOSITIVO] [desconectado] BioBridge Principal:5101 → 16ms (Timeout en http://localhost:5101/health)
[2026-09-22 14:32:01] [RESUMEN] Total verificados: 1
[2026-09-22 14:32:01] [FIN] ═════════════════════════════════════════════════════
[2026-09-22 14:32:01] 
[2026-09-22 21:37:01] [INICIO] ═════════════════════════════════════════════════════
[2026-09-22 14:37:01] [CHECK-PUENTE] Verificando disponibilidad del BioBridge...
[2026-09-22 14:37:01] [PUENTE-OK] ✓ BioBridge ACTIVO (latencia: 19ms)
[2026-09-22 14:37:01] [CHECK-DISPOSITIVOS] BioBridge activo. Verificando dispositivos...
[2026-09-22 14:37:01] [DISPOSITIVOS-OK] ✓ Verificación completada
[2026-09-22 14:37:01] [DISPOSITIVO] [desconectado] BioBridge Principal:5101 → 30ms (Timeout en http://localhost:5101/health)
[2026-09-22 14:37:01] [RESUMEN] Total verificados: 1
[2026-09-22 14:37:01] [FIN] ═════════════════════════════════════════════════════
[2026-09-22 14:37:01] 
[2026-09-22 21:42:01] [INICIO] ═════════════════════════════════════════════════════
[2026-09-22 14:42:01] [CHECK-PUENTE] Verificando disponibilidad del BioBridge...
[2026-09-22 14:42:01] [PUENTE-OK] ✓ BioBridge ACTIVO (latencia: 1ms)
[2026-09-22 14:42:01] [CHECK-DISPOSITIVOS] BioBridge activo. Verificando dispositivos...
[2026-09-22 14:42:01] [DISPOSITIVOS-OK] ✓ Verificación completada
[2026-09-22 14:42:01] [DISPOSITIVO] [desconectado] BioBridge Principal:5101 → 16ms (Timeout en http://localhost:5101/health)
[2026-09-22 14:42:01] [RESUMEN] Total verificados: 1
[2026-09-22 14:42:01] [FIN] ═════════════════════════════════════════════════════
[2026-09-22 14:42:01] 
[2026-09-22 21:47:01] [INICIO] ═════════════════════════════════════════════════════
[2026-09-22 14:47:01] [CHECK-PUENTE] Verificando disponibilidad del BioBridge...
[2026-09-22 14:47:01] [PUENTE-OK] ✓ BioBridge ACTIVO (latencia: 3ms)
[2026-09-22 14:47:01] [CHECK-DISPOSITIVOS] BioBridge activo. Verificando dispositivos...
[2026-09-22 14:47:01] [DISPOSITIVOS-OK] ✓ Verificación completada
[2026-09-22 14:47:01] [DISPOSITIVO] [desconectado] BioBridge Principal:5101 → 5ms (Timeout en http://localhost:5101/health)
[2026-09-22 14:47:01] [RESUMEN] Total verificados: 1
[2026-09-22 14:47:01] [FIN] ═════════════════════════════════════════════════════
[2026-09-22 14:47:01] 
[2026-09-22 21:52:01] [INICIO] ═════════════════════════════════════════════════════
[2026-09-22 14:52:01] [CHECK-PUENTE] Verificando disponibilidad del BioBridge...
[2026-09-22 14:52:01] [PUENTE-OK] ✓ BioBridge ACTIVO (latencia: 1ms)
[2026-09-22 14:52:01] [CHECK-DISPOSITIVOS] BioBridge activo. Verificando dispositivos...
[2026-09-22 14:52:01] [DISPOSITIVOS-OK] ✓ Verificación completada
[2026-09-22 14:52:01] [DISPOSITIVO] [desconectado] BioBridge Principal:5101 → 22ms (Timeout en http://localhost:5101/health)
[2026-09-22 14:52:01] [RESUMEN] Total verificados: 1
[2026-09-22 14:52:01] [FIN] ═════════════════════════════════════════════════════
[2026-09-22 14:52:01] 
[2026-09-22 21:57:01] [INICIO] ═════════════════════════════════════════════════════
[2026-09-22 14:57:01] [CHECK-PUENTE] Verificando disponibilidad del BioBridge...
[2026-09-22 14:57:01] [PUENTE-OK] ✓ BioBridge ACTIVO (latencia: 24ms)
[2026-09-22 14:57:01] [CHECK-DISPOSITIVOS] BioBridge activo. Verificando dispositivos...
[2026-09-22 14:57:01] [DISPOSITIVOS-OK] ✓ Verificación completada
[2026-09-22 14:57:01] [DISPOSITIVO] [desconectado] BioBridge Principal:5101 → 2ms (Timeout en http://localhost:5101/health)
[2026-09-22 14:57:01] [RESUMEN] Total verificados: 1
[2026-09-22 14:57:01] [FIN] ═════════════════════════════════════════════════════
[2026-09-22 14:57:01] 
[2026-09-22 22:02:01] [INICIO] ═════════════════════════════════════════════════════
[2026-09-22 15:02:01] [CHECK-PUENTE] Verificando disponibilidad del BioBridge...
[2026-09-22 15:02:01] [PUENTE-OK] ✓ BioBridge ACTIVO (latencia: 22ms)
[2026-09-22 15:02:01] [CHECK-DISPOSITIVOS] BioBridge activo. Verificando dispositivos...
[2026-09-22 15:02:01] [DISPOSITIVOS-OK] ✓ Verificación completada
[2026-09-22 15:02:01] [DISPOSITIVO] [desconectado] BioBridge Principal:5101 → 12ms (Timeout en http://localhost:5101/health)
[2026-09-22 15:02:01] [RESUMEN] Total verificados: 1
[2026-09-22 15:02:01] [FIN] ═════════════════════════════════════════════════════
[2026-09-22 15:02:01] 
[2026-09-22 22:07:01] [INICIO] ═════════════════════════════════════════════════════
[2026-09-22 15:07:01] [CHECK-PUENTE] Verificando disponibilidad del BioBridge...
[2026-09-22 15:07:01] [PUENTE-OK] ✓ BioBridge ACTIVO (latencia: 25ms)
[2026-09-22 15:07:01] [CHECK-DISPOSITIVOS] BioBridge activo. Verificando dispositivos...
[2026-09-22 15:07:01] [DISPOSITIVOS-OK] ✓ Verificación completada
[2026-09-22 15:07:01] [DISPOSITIVO] [desconectado] BioBridge Principal:5101 → 13ms (Timeout en http://localhost:5101/health)
[2026-09-22 15:07:01] [RESUMEN] Total verificados: 1
[2026-09-22 15:07:01] [FIN] ═════════════════════════════════════════════════════
[2026-09-22 15:07:01] 
[2026-09-22 22:12:01] [INICIO] ═════════════════════════════════════════════════════
[2026-09-22 15:12:01] [CHECK-PUENTE] Verificando disponibilidad del BioBridge...
[2026-09-22 15:12:01] [PUENTE-OK] ✓ BioBridge ACTIVO (latencia: 1ms)
[2026-09-22 15:12:01] [CHECK-DISPOSITIVOS] BioBridge activo. Verificando dispositivos...
[2026-09-22 15:12:01] [DISPOSITIVOS-OK] ✓ Verificación completada
[2026-09-22 15:12:01] [DISPOSITIVO] [desconectado] BioBridge Principal:5101 → 2ms (Timeout en http://localhost:5101/health)
[2026-09-22 15:12:01] [RESUMEN] Total verificados: 1
[2026-09-22 15:12:01] [FIN] ═════════════════════════════════════════════════════
[2026-09-22 15:12:01] 
[2026-09-22 22:17:01] [INICIO] ═════════════════════════════════════════════════════
[2026-09-22 15:17:01] [CHECK-PUENTE] Verificando disponibilidad del BioBridge...
[2026-09-22 15:17:01] [PUENTE-OK] ✓ BioBridge ACTIVO (latencia: 26ms)
[2026-09-22 15:17:01] [CHECK-DISPOSITIVOS] BioBridge activo. Verificando dispositivos...
[2026-09-22 15:17:01] [DISPOSITIVOS-OK] ✓ Verificación completada
[2026-09-22 15:17:01] [DISPOSITIVO] [desconectado] BioBridge Principal:5101 → 15ms (Timeout en http://localhost:5101/health)
[2026-09-22 15:17:01] [RESUMEN] Total verificados: 1
[2026-09-22 15:17:01] [FIN] ═════════════════════════════════════════════════════
[2026-09-22 15:17:01] 
[2026-09-22 22:22:01] [INICIO] ═════════════════════════════════════════════════════
[2026-09-22 15:22:01] [CHECK-PUENTE] Verificando disponibilidad del BioBridge...
[2026-09-22 15:22:01] [PUENTE-OK] ✓ BioBridge ACTIVO (latencia: 23ms)
[2026-09-22 15:22:01] [CHECK-DISPOSITIVOS] BioBridge activo. Verificando dispositivos...
[2026-09-22 15:22:01] [DISPOSITIVOS-OK] ✓ Verificación completada
[2026-09-22 15:22:01] [DISPOSITIVO] [desconectado] BioBridge Principal:5101 → 2ms (Timeout en http://localhost:5101/health)
[2026-09-22 15:22:01] [RESUMEN] Total verificados: 1
[2026-09-22 15:22:01] [FIN] ═════════════════════════════════════════════════════
[2026-09-22 15:22:01] 
[2026-09-22 22:27:01] [INICIO] ═════════════════════════════════════════════════════
[2026-09-22 15:27:01] [CHECK-PUENTE] Verificando disponibilidad del BioBridge...
[2026-09-22 15:27:01] [PUENTE-OK] ✓ BioBridge ACTIVO (latencia: 1ms)
[2026-09-22 15:27:01] [CHECK-DISPOSITIVOS] BioBridge activo. Verificando dispositivos...
[2026-09-22 15:27:01] [DISPOSITIVOS-OK] ✓ Verificación completada
[2026-09-22 15:27:01] [DISPOSITIVO] [desconectado] BioBridge Principal:5101 → 1ms (Timeout en http://localhost:5101/health)
[2026-09-22 15:27:01] [RESUMEN] Total verificados: 1
[2026-09-22 15:27:01] [FIN] ═════════════════════════════════════════════════════
[2026-09-22 15:27:01] 
[2026-09-22 22:32:01] [INICIO] ═════════════════════════════════════════════════════
[2026-09-22 15:32:01] [CHECK-PUENTE] Verificando disponibilidad del BioBridge...
[2026-09-22 15:32:01] [PUENTE-OK] ✓ BioBridge ACTIVO (latencia: 22ms)
[2026-09-22 15:32:01] [CHECK-DISPOSITIVOS] BioBridge activo. Verificando dispositivos...
[2026-09-22 15:32:01] [DISPOSITIVOS-OK] ✓ Verificación completada
[2026-09-22 15:32:01] [DISPOSITIVO] [desconectado] BioBridge Principal:5101 → 25ms (Timeout en http://localhost:5101/health)
[2026-09-22 15:32:01] [RESUMEN] Total verificados: 1
[2026-09-22 15:32:01] [FIN] ═════════════════════════════════════════════════════
[2026-09-22 15:32:01] 
[2026-09-22 22:37:01] [INICIO] ═════════════════════════════════════════════════════
[2026-09-22 15:37:01] [CHECK-PUENTE] Verificando disponibilidad del BioBridge...
[2026-09-22 15:37:01] [PUENTE-OK] ✓ BioBridge ACTIVO (latencia: 27ms)
[2026-09-22 15:37:01] [CHECK-DISPOSITIVOS] BioBridge activo. Verificando dispositivos...
[2026-09-22 15:37:01] [DISPOSITIVOS-OK] ✓ Verificación completada
[2026-09-22 15:37:01] [DISPOSITIVO] [desconectado] BioBridge Principal:5101 → 13ms (Timeout en http://localhost:5101/health)
[2026-09-22 15:37:01] [RESUMEN] Total verificados: 1
[2026-09-22 15:37:01] [FIN] ═════════════════════════════════════════════════════
[2026-09-22 15:37:01] 
[2026-09-22 22:42:01] [INICIO] ═════════════════════════════════════════════════════
[2026-09-22 15:42:01] [CHECK-PUENTE] Verificando disponibilidad del BioBridge...
[2026-09-22 15:42:01] [PUENTE-OK] ✓ BioBridge ACTIVO (latencia: 7ms)
[2026-09-22 15:42:01] [CHECK-DISPOSITIVOS] BioBridge activo. Verificando dispositivos...
[2026-09-22 15:42:01] [DISPOSITIVOS-OK] ✓ Verificación completada
[2026-09-22 15:42:01] [DISPOSITIVO] [desconectado] BioBridge Principal:5101 → 16ms (Timeout en http://localhost:5101/health)
[2026-09-22 15:42:01] [RESUMEN] Total verificados: 1
[2026-09-22 15:42:01] [FIN] ═════════════════════════════════════════════════════
[2026-09-22 15:42:01] 
[2026-09-22 22:47:01] [INICIO] ═════════════════════════════════════════════════════
[2026-09-22 15:47:01] [CHECK-PUENTE] Verificando disponibilidad del BioBridge...
[2026-09-22 15:47:01] [PUENTE-OK] ✓ BioBridge ACTIVO (latencia: 1ms)
[2026-09-22 15:47:01] [CHECK-DISPOSITIVOS] BioBridge activo. Verificando dispositivos...
[2026-09-22 15:47:01] [DISPOSITIVOS-OK] ✓ Verificación completada
[2026-09-22 15:47:01] [DISPOSITIVO] [desconectado] BioBridge Principal:5101 → 19ms (Timeout en http://localhost:5101/health)
[2026-09-22 15:47:01] [RESUMEN] Total verificados: 1
[2026-09-22 15:47:01] [FIN] ═════════════════════════════════════════════════════
[2026-09-22 15:47:01] 
[2026-09-22 22:52:01] [INICIO] ═════════════════════════════════════════════════════
[2026-09-22 15:52:01] [CHECK-PUENTE] Verificando disponibilidad del BioBridge...
[2026-09-22 15:52:01] [PUENTE-OK] ✓ BioBridge ACTIVO (latencia: 25ms)
[2026-09-22 15:52:01] [CHECK-DISPOSITIVOS] BioBridge activo. Verificando dispositivos...
[2026-09-22 15:52:02] [DISPOSITIVOS-OK] ✓ Verificación completada
[2026-09-22 15:52:02] [DISPOSITIVO] [desconectado] BioBridge Principal:5101 → 4ms (Timeout en http://localhost:5101/health)
[2026-09-22 15:52:02] [RESUMEN] Total verificados: 1
[2026-09-22 15:52:02] [FIN] ═════════════════════════════════════════════════════
[2026-09-22 15:52:02] 
[2026-09-22 22:57:01] [INICIO] ═════════════════════════════════════════════════════
[2026-09-22 15:57:01] [CHECK-PUENTE] Verificando disponibilidad del BioBridge...
[2026-09-22 15:57:01] [PUENTE-OK] ✓ BioBridge ACTIVO (latencia: 3ms)
[2026-09-22 15:57:01] [CHECK-DISPOSITIVOS] BioBridge activo. Verificando dispositivos...
[2026-09-22 15:57:01] [DISPOSITIVOS-OK] ✓ Verificación completada
[2026-09-22 15:57:01] [DISPOSITIVO] [desconectado] BioBridge Principal:5101 → 13ms (Timeout en http://localhost:5101/health)
[2026-09-22 15:57:01] [RESUMEN] Total verificados: 1
[2026-09-22 15:57:01] [FIN] ═════════════════════════════════════════════════════
[2026-09-22 15:57:01] 
[2026-09-22 23:02:02] [INICIO] ═════════════════════════════════════════════════════
[2026-09-22 16:02:02] [CHECK-PUENTE] Verificando disponibilidad del BioBridge...
[2026-09-22 16:02:02] [PUENTE-OK] ✓ BioBridge ACTIVO (latencia: 21ms)
[2026-09-22 16:02:02] [CHECK-DISPOSITIVOS] BioBridge activo. Verificando dispositivos...
[2026-09-22 16:02:02] [DISPOSITIVOS-OK] ✓ Verificación completada
[2026-09-22 16:02:02] [DISPOSITIVO] [desconectado] BioBridge Principal:5101 → 15ms (Timeout en http://localhost:5101/health)
[2026-09-22 16:02:02] [RESUMEN] Total verificados: 1
[2026-09-22 16:02:02] [FIN] ═════════════════════════════════════════════════════
[2026-09-22 16:02:02] 
[2026-09-22 23:07:01] [INICIO] ═════════════════════════════════════════════════════
[2026-09-22 16:07:01] [CHECK-PUENTE] Verificando disponibilidad del BioBridge...
[2026-09-22 16:07:01] [PUENTE-OK] ✓ BioBridge ACTIVO (latencia: 11ms)
[2026-09-22 16:07:01] [CHECK-DISPOSITIVOS] BioBridge activo. Verificando dispositivos...
[2026-09-22 16:07:01] [DISPOSITIVOS-OK] ✓ Verificación completada
[2026-09-22 16:07:01] [DISPOSITIVO] [desconectado] BioBridge Principal:5101 → 16ms (Timeout en http://localhost:5101/health)
[2026-09-22 16:07:01] [RESUMEN] Total verificados: 1
[2026-09-22 16:07:01] [FIN] ═════════════════════════════════════════════════════
[2026-09-22 16:07:01] 
[2026-09-22 23:12:01] [INICIO] ═════════════════════════════════════════════════════
[2026-09-22 16:12:02] [CHECK-PUENTE] Verificando disponibilidad del BioBridge...
[2026-09-22 16:12:02] [PUENTE-OK] ✓ BioBridge ACTIVO (latencia: 15ms)
[2026-09-22 16:12:02] [CHECK-DISPOSITIVOS] BioBridge activo. Verificando dispositivos...
[2026-09-22 16:12:02] [DISPOSITIVOS-OK] ✓ Verificación completada
[2026-09-22 16:12:02] [DISPOSITIVO] [desconectado] BioBridge Principal:5101 → 13ms (Timeout en http://localhost:5101/health)
[2026-09-22 16:12:02] [RESUMEN] Total verificados: 1
[2026-09-22 16:12:02] [FIN] ═════════════════════════════════════════════════════
[2026-09-22 16:12:02] 
[2026-09-22 23:17:01] [INICIO] ═════════════════════════════════════════════════════
[2026-09-22 16:17:01] [CHECK-PUENTE] Verificando disponibilidad del BioBridge...
[2026-09-22 16:17:01] [PUENTE-OK] ✓ BioBridge ACTIVO (latencia: 28ms)
[2026-09-22 16:17:01] [CHECK-DISPOSITIVOS] BioBridge activo. Verificando dispositivos...
[2026-09-22 16:17:01] [DISPOSITIVOS-OK] ✓ Verificación completada
[2026-09-22 16:17:01] [DISPOSITIVO] [desconectado] BioBridge Principal:5101 → 18ms (Timeout en http://localhost:5101/health)
[2026-09-22 16:17:01] [RESUMEN] Total verificados: 1
[2026-09-22 16:17:01] [FIN] ═════════════════════════════════════════════════════
[2026-09-22 16:17:01] 
[2026-09-22 23:22:01] [INICIO] ═════════════════════════════════════════════════════
[2026-09-22 16:22:01] [CHECK-PUENTE] Verificando disponibilidad del BioBridge...
[2026-09-22 16:22:01] [PUENTE-OK] ✓ BioBridge ACTIVO (latencia: 26ms)
[2026-09-22 16:22:01] [CHECK-DISPOSITIVOS] BioBridge activo. Verificando dispositivos...
[2026-09-22 16:22:01] [DISPOSITIVOS-OK] ✓ Verificación completada
[2026-09-22 16:22:01] [DISPOSITIVO] [desconectado] BioBridge Principal:5101 → 13ms (Timeout en http://localhost:5101/health)
[2026-09-22 16:22:01] [RESUMEN] Total verificados: 1
[2026-09-22 16:22:01] [FIN] ═════════════════════════════════════════════════════
[2026-09-22 16:22:01] 
[2026-09-22 23:27:01] [INICIO] ═════════════════════════════════════════════════════
[2026-09-22 16:27:01] [CHECK-PUENTE] Verificando disponibilidad del BioBridge...
[2026-09-22 16:27:01] [PUENTE-OK] ✓ BioBridge ACTIVO (latencia: 1ms)
[2026-09-22 16:27:01] [CHECK-DISPOSITIVOS] BioBridge activo. Verificando dispositivos...
[2026-09-22 16:27:02] [DISPOSITIVOS-OK] ✓ Verificación completada
[2026-09-22 16:27:02] [DISPOSITIVO] [desconectado] BioBridge Principal:5101 → 1ms (Timeout en http://localhost:5101/health)
[2026-09-22 16:27:02] [RESUMEN] Total verificados: 1
[2026-09-22 16:27:02] [FIN] ═════════════════════════════════════════════════════
[2026-09-22 16:27:02] 
[2026-09-22 23:32:01] [INICIO] ═════════════════════════════════════════════════════
[2026-09-22 16:32:02] [CHECK-PUENTE] Verificando disponibilidad del BioBridge...
[2026-09-22 16:32:02] [PUENTE-OK] ✓ BioBridge ACTIVO (latencia: 25ms)
[2026-09-22 16:32:02] [CHECK-DISPOSITIVOS] BioBridge activo. Verificando dispositivos...
[2026-09-22 16:32:02] [DISPOSITIVOS-OK] ✓ Verificación completada
[2026-09-22 16:32:02] [DISPOSITIVO] [desconectado] BioBridge Principal:5101 → 29ms (Timeout en http://localhost:5101/health)
[2026-09-22 16:32:02] [RESUMEN] Total verificados: 1
[2026-09-22 16:32:02] [FIN] ═════════════════════════════════════════════════════
[2026-09-22 16:32:02] 
[2026-09-22 23:37:01] [INICIO] ═════════════════════════════════════════════════════
[2026-09-22 16:37:02] [CHECK-PUENTE] Verificando disponibilidad del BioBridge...
[2026-09-22 16:37:02] [PUENTE-OK] ✓ BioBridge ACTIVO (latencia: 1ms)
[2026-09-22 16:37:02] [CHECK-DISPOSITIVOS] BioBridge activo. Verificando dispositivos...
[2026-09-22 16:37:02] [DISPOSITIVOS-OK] ✓ Verificación completada
[2026-09-22 16:37:02] [DISPOSITIVO] [desconectado] BioBridge Principal:5101 → 18ms (Timeout en http://localhost:5101/health)
[2026-09-22 16:37:02] [RESUMEN] Total verificados: 1
[2026-09-22 16:37:02] [FIN] ═════════════════════════════════════════════════════
[2026-09-22 16:37:02] 
[2026-09-22 23:42:01] [INICIO] ═════════════════════════════════════════════════════
[2026-09-22 16:42:02] [CHECK-PUENTE] Verificando disponibilidad del BioBridge...
[2026-09-22 16:42:02] [PUENTE-OK] ✓ BioBridge ACTIVO (latencia: 1ms)
[2026-09-22 16:42:02] [CHECK-DISPOSITIVOS] BioBridge activo. Verificando dispositivos...
[2026-09-22 16:42:02] [DISPOSITIVOS-OK] ✓ Verificación completada
[2026-09-22 16:42:02] [DISPOSITIVO] [desconectado] BioBridge Principal:5101 → 1ms (Timeout en http://localhost:5101/health)
[2026-09-22 16:42:02] [RESUMEN] Total verificados: 1
[2026-09-22 16:42:02] [FIN] ═════════════════════════════════════════════════════
[2026-09-22 16:42:02] 
[2026-09-22 23:47:01] [INICIO] ═════════════════════════════════════════════════════
[2026-09-22 16:47:02] [CHECK-PUENTE] Verificando disponibilidad del BioBridge...
[2026-09-22 16:47:02] [PUENTE-OK] ✓ BioBridge ACTIVO (latencia: 1ms)
[2026-09-22 16:47:02] [CHECK-DISPOSITIVOS] BioBridge activo. Verificando dispositivos...
[2026-09-22 16:47:02] [DISPOSITIVOS-OK] ✓ Verificación completada
[2026-09-22 16:47:02] [DISPOSITIVO] [desconectado] BioBridge Principal:5101 → 14ms (Timeout en http://localhost:5101/health)
[2026-09-22 16:47:02] [RESUMEN] Total verificados: 1
[2026-09-22 16:47:02] [FIN] ═════════════════════════════════════════════════════
[2026-09-22 16:47:02] 
[2026-09-22 23:52:01] [INICIO] ═════════════════════════════════════════════════════
[2026-09-22 16:52:02] [CHECK-PUENTE] Verificando disponibilidad del BioBridge...
[2026-09-22 16:52:02] [PUENTE-OK] ✓ BioBridge ACTIVO (latencia: 25ms)
[2026-09-22 16:52:02] [CHECK-DISPOSITIVOS] BioBridge activo. Verificando dispositivos...
[2026-09-22 16:52:02] [DISPOSITIVOS-OK] ✓ Verificación completada
[2026-09-22 16:52:02] [DISPOSITIVO] [desconectado] BioBridge Principal:5101 → 15ms (Timeout en http://localhost:5101/health)
[2026-09-22 16:52:02] [RESUMEN] Total verificados: 1
[2026-09-22 16:52:02] [FIN] ═════════════════════════════════════════════════════
[2026-09-22 16:52:02] 
[2026-09-22 23:57:02] [INICIO] ═════════════════════════════════════════════════════
[2026-09-22 16:57:02] [CHECK-PUENTE] Verificando disponibilidad del BioBridge...
[2026-09-22 16:57:02] [PUENTE-OK] ✓ BioBridge ACTIVO (latencia: 6ms)
[2026-09-22 16:57:02] [CHECK-DISPOSITIVOS] BioBridge activo. Verificando dispositivos...
[2026-09-22 16:57:02] [DISPOSITIVOS-OK] ✓ Verificación completada
[2026-09-22 16:57:02] [DISPOSITIVO] [desconectado] BioBridge Principal:5101 → 15ms (Timeout en http://localhost:5101/health)
[2026-09-22 16:57:02] [RESUMEN] Total verificados: 1
[2026-09-22 16:57:02] [FIN] ═════════════════════════════════════════════════════
[2026-09-22 16:57:02] 
[2026-09-23 01:03:05] [INICIO] ═════════════════════════════════════════════════════
[2026-09-22 18:03:05] [CHECK-PUENTE] Verificando disponibilidad del BioBridge...
[2026-09-22 18:03:05] [PUENTE-OK] ✓ BioBridge ACTIVO (latencia: 1ms)
[2026-09-22 18:03:05] [CHECK-DISPOSITIVOS] BioBridge activo. Verificando dispositivos...
[2026-09-22 18:03:05] [DISPOSITIVOS-OK] ✓ Verificación completada
[2026-09-22 18:03:05] [DISPOSITIVO] [desconectado] BioBridge Principal:5101 → 1ms (Timeout en http://localhost:5101/health)
[2026-09-22 18:03:05] [RESUMEN] Total verificados: 1
[2026-09-22 18:03:05] [FIN] ═════════════════════════════════════════════════════
[2026-09-22 18:03:05] 
[2026-09-23 03:05:35] [INICIO] ═════════════════════════════════════════════════════
[2026-09-22 20:05:35] [CHECK-PUENTE] Verificando disponibilidad del BioBridge...
[2026-09-22 20:05:35] [PUENTE-OK] ✓ BioBridge ACTIVO (latencia: 2ms)
[2026-09-22 20:05:35] [CHECK-DISPOSITIVOS] BioBridge activo. Verificando dispositivos...
[2026-09-22 20:05:35] [DISPOSITIVOS-OK] ✓ Verificación completada
[2026-09-22 20:05:35] [DISPOSITIVO] [desconectado] BioBridge Principal:5101 → 15ms (Timeout en http://localhost:5101/health)
[2026-09-22 20:05:35] [RESUMEN] Total verificados: 1
[2026-09-22 20:05:35] [FIN] ═════════════════════════════════════════════════════
[2026-09-22 20:05:35] 
[2026-09-23 03:07:01] [INICIO] ═════════════════════════════════════════════════════
[2026-09-22 20:07:01] [CHECK-PUENTE] Verificando disponibilidad del BioBridge...
[2026-09-22 20:07:01] [PUENTE-OK] ✓ BioBridge ACTIVO (latencia: 26ms)
[2026-09-22 20:07:01] [CHECK-DISPOSITIVOS] BioBridge activo. Verificando dispositivos...
[2026-09-22 20:07:01] [DISPOSITIVOS-OK] ✓ Verificación completada
[2026-09-22 20:07:01] [DISPOSITIVO] [desconectado] BioBridge Principal:5101 → 15ms (Timeout en http://localhost:5101/health)
[2026-09-22 20:07:01] [RESUMEN] Total verificados: 1
[2026-09-22 20:07:01] [FIN] ═════════════════════════════════════════════════════
[2026-09-22 20:07:01] 
[2026-09-23 03:12:01] [INICIO] ═════════════════════════════════════════════════════
[2026-09-22 20:12:01] [CHECK-PUENTE] Verificando disponibilidad del BioBridge...
[2026-09-22 20:12:01] [PUENTE-OK] ✓ BioBridge ACTIVO (latencia: 27ms)
[2026-09-22 20:12:01] [CHECK-DISPOSITIVOS] BioBridge activo. Verificando dispositivos...
[2026-09-22 20:12:01] [DISPOSITIVOS-OK] ✓ Verificación completada
[2026-09-22 20:12:01] [DISPOSITIVO] [desconectado] BioBridge Principal:5101 → 1ms (Timeout en http://localhost:5101/health)
[2026-09-22 20:12:01] [RESUMEN] Total verificados: 1
[2026-09-22 20:12:01] [FIN] ═════════════════════════════════════════════════════
[2026-09-22 20:12:01] 
[2026-09-23 03:17:01] [INICIO] ═════════════════════════════════════════════════════
[2026-09-22 20:17:01] [CHECK-PUENTE] Verificando disponibilidad del BioBridge...
[2026-09-22 20:17:01] [PUENTE-OK] ✓ BioBridge ACTIVO (latencia: 23ms)
[2026-09-22 20:17:01] [CHECK-DISPOSITIVOS] BioBridge activo. Verificando dispositivos...
[2026-09-22 20:17:01] [DISPOSITIVOS-OK] ✓ Verificación completada
[2026-09-22 20:17:01] [DISPOSITIVO] [desconectado] BioBridge Principal:5101 → 2ms (Timeout en http://localhost:5101/health)
[2026-09-22 20:17:01] [RESUMEN] Total verificados: 1
[2026-09-22 20:17:01] [FIN] ═════════════════════════════════════════════════════
[2026-09-22 20:17:01] 
[2026-09-23 03:22:01] [INICIO] ═════════════════════════════════════════════════════
[2026-09-22 20:22:01] [CHECK-PUENTE] Verificando disponibilidad del BioBridge...
[2026-09-22 20:22:01] [PUENTE-OK] ✓ BioBridge ACTIVO (latencia: 2ms)
[2026-09-22 20:22:01] [CHECK-DISPOSITIVOS] BioBridge activo. Verificando dispositivos...
[2026-09-22 20:22:01] [DISPOSITIVOS-OK] ✓ Verificación completada
[2026-09-22 20:22:01] [DISPOSITIVO] [desconectado] BioBridge Principal:5101 → 18ms (Timeout en http://localhost:5101/health)
[2026-09-22 20:22:01] [RESUMEN] Total verificados: 1
[2026-09-22 20:22:01] [FIN] ═════════════════════════════════════════════════════
[2026-09-22 20:22:01] 
[2026-09-23 03:27:01] [INICIO] ═════════════════════════════════════════════════════
[2026-09-22 20:27:01] [CHECK-PUENTE] Verificando disponibilidad del BioBridge...
[2026-09-22 20:27:01] [PUENTE-OK] ✓ BioBridge ACTIVO (latencia: 22ms)
[2026-09-22 20:27:01] [CHECK-DISPOSITIVOS] BioBridge activo. Verificando dispositivos...
[2026-09-22 20:27:01] [DISPOSITIVOS-OK] ✓ Verificación completada
[2026-09-22 20:27:01] [DISPOSITIVO] [desconectado] BioBridge Principal:5101 → 14ms (Timeout en http://localhost:5101/health)
[2026-09-22 20:27:01] [RESUMEN] Total verificados: 1
[2026-09-22 20:27:01] [FIN] ═════════════════════════════════════════════════════
[2026-09-22 20:27:01] 
[2026-09-23 03:32:01] [INICIO] ═════════════════════════════════════════════════════
[2026-09-22 20:32:01] [CHECK-PUENTE] Verificando disponibilidad del BioBridge...
[2026-09-22 20:32:01] [PUENTE-OK] ✓ BioBridge ACTIVO (latencia: 24ms)
[2026-09-22 20:32:01] [CHECK-DISPOSITIVOS] BioBridge activo. Verificando dispositivos...
[2026-09-22 20:32:01] [DISPOSITIVOS-OK] ✓ Verificación completada
[2026-09-22 20:32:01] [DISPOSITIVO] [desconectado] BioBridge Principal:5101 → 18ms (Timeout en http://localhost:5101/health)
[2026-09-22 20:32:01] [RESUMEN] Total verificados: 1
[2026-09-22 20:32:01] [FIN] ═════════════════════════════════════════════════════
[2026-09-22 20:32:01] 
[2026-09-23 03:37:01] [INICIO] ═════════════════════════════════════════════════════
[2026-09-22 20:37:01] [CHECK-PUENTE] Verificando disponibilidad del BioBridge...
[2026-09-22 20:37:01] [PUENTE-OK] ✓ BioBridge ACTIVO (latencia: 28ms)
[2026-09-22 20:37:01] [CHECK-DISPOSITIVOS] BioBridge activo. Verificando dispositivos...
[2026-09-22 20:37:01] [DISPOSITIVOS-OK] ✓ Verificación completada
[2026-09-22 20:37:01] [DISPOSITIVO] [desconectado] BioBridge Principal:5101 → 15ms (Timeout en http://localhost:5101/health)
[2026-09-22 20:37:01] [RESUMEN] Total verificados: 1
[2026-09-22 20:37:01] [FIN] ═════════════════════════════════════════════════════
[2026-09-22 20:37:01] 
[2026-09-23 03:42:01] [INICIO] ═════════════════════════════════════════════════════
[2026-09-22 20:42:01] [CHECK-PUENTE] Verificando disponibilidad del BioBridge...
[2026-09-22 20:42:01] [PUENTE-OK] ✓ BioBridge ACTIVO (latencia: 2ms)
[2026-09-22 20:42:01] [CHECK-DISPOSITIVOS] BioBridge activo. Verificando dispositivos...
[2026-09-22 20:42:01] [DISPOSITIVOS-OK] ✓ Verificación completada
[2026-09-22 20:42:01] [DISPOSITIVO] [desconectado] BioBridge Principal:5101 → 19ms (Timeout en http://localhost:5101/health)
[2026-09-22 20:42:01] [RESUMEN] Total verificados: 1
[2026-09-22 20:42:01] [FIN] ═════════════════════════════════════════════════════
[2026-09-22 20:42:01] 
[2026-09-23 03:47:01] [INICIO] ═════════════════════════════════════════════════════
[2026-09-22 20:47:01] [CHECK-PUENTE] Verificando disponibilidad del BioBridge...
[2026-09-22 20:47:01] [PUENTE-OK] ✓ BioBridge ACTIVO (latencia: 28ms)
[2026-09-22 20:47:01] [CHECK-DISPOSITIVOS] BioBridge activo. Verificando dispositivos...
[2026-09-22 20:47:01] [DISPOSITIVOS-OK] ✓ Verificación completada
[2026-09-22 20:47:01] [DISPOSITIVO] [desconectado] BioBridge Principal:5101 → 3ms (Timeout en http://localhost:5101/health)
[2026-09-22 20:47:01] [RESUMEN] Total verificados: 1
[2026-09-22 20:47:01] [FIN] ═════════════════════════════════════════════════════
[2026-09-22 20:47:01] 
[2026-09-23 03:52:01] [INICIO] ═════════════════════════════════════════════════════
[2026-09-22 20:52:01] [CHECK-PUENTE] Verificando disponibilidad del BioBridge...
[2026-09-22 20:52:01] [PUENTE-OK] ✓ BioBridge ACTIVO (latencia: 27ms)
[2026-09-22 20:52:01] [CHECK-DISPOSITIVOS] BioBridge activo. Verificando dispositivos...
[2026-09-22 20:52:01] [DISPOSITIVOS-OK] ✓ Verificación completada
[2026-09-22 20:52:01] [DISPOSITIVO] [desconectado] BioBridge Principal:5101 → 3ms (Timeout en http://localhost:5101/health)
[2026-09-22 20:52:01] [RESUMEN] Total verificados: 1
[2026-09-22 20:52:01] [FIN] ═════════════════════════════════════════════════════
[2026-09-22 20:52:01] 
[2026-09-23 03:57:01] [INICIO] ═════════════════════════════════════════════════════
[2026-09-22 20:57:01] [CHECK-PUENTE] Verificando disponibilidad del BioBridge...
[2026-09-22 20:57:01] [PUENTE-OK] ✓ BioBridge ACTIVO (latencia: 27ms)
[2026-09-22 20:57:01] [CHECK-DISPOSITIVOS] BioBridge activo. Verificando dispositivos...
[2026-09-22 20:57:01] [DISPOSITIVOS-OK] ✓ Verificación completada
[2026-09-22 20:57:01] [DISPOSITIVO] [desconectado] BioBridge Principal:5101 → 14ms (Timeout en http://localhost:5101/health)
[2026-09-22 20:57:01] [RESUMEN] Total verificados: 1
[2026-09-22 20:57:01] [FIN] ═════════════════════════════════════════════════════
[2026-09-22 20:57:01] 
[2026-09-23 04:02:01] [INICIO] ═════════════════════════════════════════════════════
[2026-09-22 21:02:01] [CHECK-PUENTE] Verificando disponibilidad del BioBridge...
[2026-09-22 21:02:01] [PUENTE-OK] ✓ BioBridge ACTIVO (latencia: 25ms)
[2026-09-22 21:02:01] [CHECK-DISPOSITIVOS] BioBridge activo. Verificando dispositivos...
[2026-09-22 21:02:01] [DISPOSITIVOS-OK] ✓ Verificación completada
[2026-09-22 21:02:01] [DISPOSITIVO] [desconectado] BioBridge Principal:5101 → 24ms (Timeout en http://localhost:5101/health)
[2026-09-22 21:02:01] [RESUMEN] Total verificados: 1
[2026-09-22 21:02:01] [FIN] ═════════════════════════════════════════════════════
[2026-09-22 21:02:01] 
[2026-09-23 04:07:01] [INICIO] ═════════════════════════════════════════════════════
[2026-09-22 21:07:01] [CHECK-PUENTE] Verificando disponibilidad del BioBridge...
[2026-09-22 21:07:01] [PUENTE-OK] ✓ BioBridge ACTIVO (latencia: 12ms)
[2026-09-22 21:07:01] [CHECK-DISPOSITIVOS] BioBridge activo. Verificando dispositivos...
[2026-09-22 21:07:01] [DISPOSITIVOS-OK] ✓ Verificación completada
[2026-09-22 21:07:01] [DISPOSITIVO] [desconectado] BioBridge Principal:5101 → 15ms (Timeout en http://localhost:5101/health)
[2026-09-22 21:07:01] [RESUMEN] Total verificados: 1
[2026-09-22 21:07:01] [FIN] ═════════════════════════════════════════════════════
[2026-09-22 21:07:01] 
[2026-09-23 04:12:01] [INICIO] ═════════════════════════════════════════════════════
[2026-09-22 21:12:01] [CHECK-PUENTE] Verificando disponibilidad del BioBridge...
[2026-09-22 21:12:01] [PUENTE-OK] ✓ BioBridge ACTIVO (latencia: 16ms)
[2026-09-22 21:12:01] [CHECK-DISPOSITIVOS] BioBridge activo. Verificando dispositivos...
[2026-09-22 21:12:01] [DISPOSITIVOS-OK] ✓ Verificación completada
[2026-09-22 21:12:01] [DISPOSITIVO] [desconectado] BioBridge Principal:5101 → 13ms (Timeout en http://localhost:5101/health)
[2026-09-22 21:12:01] [RESUMEN] Total verificados: 1
[2026-09-22 21:12:01] [FIN] ═════════════════════════════════════════════════════
[2026-09-22 21:12:01] 
[2026-09-23 04:17:01] [INICIO] ═════════════════════════════════════════════════════
[2026-09-22 21:17:01] [CHECK-PUENTE] Verificando disponibilidad del BioBridge...
[2026-09-22 21:17:01] [PUENTE-OK] ✓ BioBridge ACTIVO (latencia: 25ms)
[2026-09-22 21:17:01] [CHECK-DISPOSITIVOS] BioBridge activo. Verificando dispositivos...
[2026-09-22 21:17:01] [DISPOSITIVOS-OK] ✓ Verificación completada
[2026-09-22 21:17:01] [DISPOSITIVO] [desconectado] BioBridge Principal:5101 → 16ms (Timeout en http://localhost:5101/health)
[2026-09-22 21:17:01] [RESUMEN] Total verificados: 1
[2026-09-22 21:17:01] [FIN] ═════════════════════════════════════════════════════
[2026-09-22 21:17:01] 
[2026-09-23 04:22:01] [INICIO] ═════════════════════════════════════════════════════
[2026-09-22 21:22:01] [CHECK-PUENTE] Verificando disponibilidad del BioBridge...
[2026-09-22 21:22:01] [PUENTE-OK] ✓ BioBridge ACTIVO (latencia: 27ms)
[2026-09-22 21:22:01] [CHECK-DISPOSITIVOS] BioBridge activo. Verificando dispositivos...
[2026-09-22 21:22:01] [DISPOSITIVOS-OK] ✓ Verificación completada
[2026-09-22 21:22:01] [DISPOSITIVO] [desconectado] BioBridge Principal:5101 → 4ms (Timeout en http://localhost:5101/health)
[2026-09-22 21:22:01] [RESUMEN] Total verificados: 1
[2026-09-22 21:22:01] [FIN] ═════════════════════════════════════════════════════
[2026-09-22 21:22:01] 
[2026-09-23 04:27:01] [INICIO] ═════════════════════════════════════════════════════
[2026-09-22 21:27:01] [CHECK-PUENTE] Verificando disponibilidad del BioBridge...
[2026-09-22 21:27:01] [PUENTE-OK] ✓ BioBridge ACTIVO (latencia: 1ms)
[2026-09-22 21:27:01] [CHECK-DISPOSITIVOS] BioBridge activo. Verificando dispositivos...
[2026-09-22 21:27:01] [DISPOSITIVOS-OK] ✓ Verificación completada
[2026-09-22 21:27:01] [DISPOSITIVO] [desconectado] BioBridge Principal:5101 → 16ms (Timeout en http://localhost:5101/health)
[2026-09-22 21:27:01] [RESUMEN] Total verificados: 1
[2026-09-22 21:27:01] [FIN] ═════════════════════════════════════════════════════
[2026-09-22 21:27:01] 
[2026-09-23 04:32:01] [INICIO] ═════════════════════════════════════════════════════
[2026-09-22 21:32:01] [CHECK-PUENTE] Verificando disponibilidad del BioBridge...
[2026-09-22 21:32:01] [PUENTE-OK] ✓ BioBridge ACTIVO (latencia: 12ms)
[2026-09-22 21:32:01] [CHECK-DISPOSITIVOS] BioBridge activo. Verificando dispositivos...
[2026-09-22 21:32:01] [DISPOSITIVOS-OK] ✓ Verificación completada
[2026-09-22 21:32:01] [DISPOSITIVO] [desconectado] BioBridge Principal:5101 → 1ms (Timeout en http://localhost:5101/health)
[2026-09-22 21:32:01] [RESUMEN] Total verificados: 1
[2026-09-22 21:32:01] [FIN] ═════════════════════════════════════════════════════
[2026-09-22 21:32:01] 
[2026-09-23 04:37:01] [INICIO] ═════════════════════════════════════════════════════
[2026-09-22 21:37:01] [CHECK-PUENTE] Verificando disponibilidad del BioBridge...
[2026-09-22 21:37:01] [PUENTE-OK] ✓ BioBridge ACTIVO (latencia: 1ms)
[2026-09-22 21:37:01] [CHECK-DISPOSITIVOS] BioBridge activo. Verificando dispositivos...
[2026-09-22 21:37:01] [DISPOSITIVOS-OK] ✓ Verificación completada
[2026-09-22 21:37:01] [DISPOSITIVO] [desconectado] BioBridge Principal:5101 → 18ms (Timeout en http://localhost:5101/health)
[2026-09-22 21:37:01] [RESUMEN] Total verificados: 1
[2026-09-22 21:37:01] [FIN] ═════════════════════════════════════════════════════
[2026-09-22 21:37:01] 
[2026-09-23 04:42:01] [INICIO] ═════════════════════════════════════════════════════
[2026-09-22 21:42:01] [CHECK-PUENTE] Verificando disponibilidad del BioBridge...
[2026-09-22 21:42:01] [PUENTE-OK] ✓ BioBridge ACTIVO (latencia: 21ms)
[2026-09-22 21:42:01] [CHECK-DISPOSITIVOS] BioBridge activo. Verificando dispositivos...
[2026-09-22 21:42:01] [DISPOSITIVOS-OK] ✓ Verificación completada
[2026-09-22 21:42:01] [DISPOSITIVO] [desconectado] BioBridge Principal:5101 → 15ms (Timeout en http://localhost:5101/health)
[2026-09-22 21:42:01] [RESUMEN] Total verificados: 1
[2026-09-22 21:42:01] [FIN] ═════════════════════════════════════════════════════
[2026-09-22 21:42:01] 
[2026-09-23 04:47:01] [INICIO] ═════════════════════════════════════════════════════
[2026-09-22 21:47:01] [CHECK-PUENTE] Verificando disponibilidad del BioBridge...
[2026-09-22 21:47:01] [PUENTE-OK] ✓ BioBridge ACTIVO (latencia: 26ms)
[2026-09-22 21:47:01] [CHECK-DISPOSITIVOS] BioBridge activo. Verificando dispositivos...
[2026-09-22 21:47:01] [DISPOSITIVOS-OK] ✓ Verificación completada
[2026-09-22 21:47:01] [DISPOSITIVO] [desconectado] BioBridge Principal:5101 → 1ms (Timeout en http://localhost:5101/health)
[2026-09-22 21:47:01] [RESUMEN] Total verificados: 1
[2026-09-22 21:47:01] [FIN] ═════════════════════════════════════════════════════
[2026-09-22 21:47:01] 
[2026-09-23 04:52:01] [INICIO] ═════════════════════════════════════════════════════
[2026-09-22 21:52:01] [CHECK-PUENTE] Verificando disponibilidad del BioBridge...
[2026-09-22 21:52:01] [PUENTE-OK] ✓ BioBridge ACTIVO (latencia: 1ms)
[2026-09-22 21:52:01] [CHECK-DISPOSITIVOS] BioBridge activo. Verificando dispositivos...
[2026-09-22 21:52:01] [DISPOSITIVOS-OK] ✓ Verificación completada
[2026-09-22 21:52:01] [DISPOSITIVO] [desconectado] BioBridge Principal:5101 → 1ms (Timeout en http://localhost:5101/health)
[2026-09-22 21:52:01] [RESUMEN] Total verificados: 1
[2026-09-22 21:52:01] [FIN] ═════════════════════════════════════════════════════
[2026-09-22 21:52:01] 
[2026-09-23 04:57:01] [INICIO] ═════════════════════════════════════════════════════
[2026-09-22 21:57:01] [CHECK-PUENTE] Verificando disponibilidad del BioBridge...
[2026-09-22 21:57:01] [PUENTE-OK] ✓ BioBridge ACTIVO (latencia: 1ms)
[2026-09-22 21:57:01] [CHECK-DISPOSITIVOS] BioBridge activo. Verificando dispositivos...
[2026-09-22 21:57:01] [DISPOSITIVOS-OK] ✓ Verificación completada
[2026-09-22 21:57:01] [DISPOSITIVO] [desconectado] BioBridge Principal:5101 → 16ms (Timeout en http://localhost:5101/health)
[2026-09-22 21:57:01] [RESUMEN] Total verificados: 1
[2026-09-22 21:57:01] [FIN] ═════════════════════════════════════════════════════
[2026-09-22 21:57:01] 
[2026-09-23 05:02:01] [INICIO] ═════════════════════════════════════════════════════
[2026-09-22 22:02:01] [CHECK-PUENTE] Verificando disponibilidad del BioBridge...
[2026-09-22 22:02:01] [PUENTE-OK] ✓ BioBridge ACTIVO (latencia: 1ms)
[2026-09-22 22:02:01] [CHECK-DISPOSITIVOS] BioBridge activo. Verificando dispositivos...
[2026-09-22 22:02:01] [DISPOSITIVOS-OK] ✓ Verificación completada
[2026-09-22 22:02:01] [DISPOSITIVO] [desconectado] BioBridge Principal:5101 → 13ms (Timeout en http://localhost:5101/health)
[2026-09-22 22:02:01] [RESUMEN] Total verificados: 1
[2026-09-22 22:02:01] [FIN] ═════════════════════════════════════════════════════
[2026-09-22 22:02:01] 
[2026-09-23 05:07:01] [INICIO] ═════════════════════════════════════════════════════
[2026-09-22 22:07:01] [CHECK-PUENTE] Verificando disponibilidad del BioBridge...
[2026-09-22 22:07:01] [PUENTE-OK] ✓ BioBridge ACTIVO (latencia: 1ms)
[2026-09-22 22:07:01] [CHECK-DISPOSITIVOS] BioBridge activo. Verificando dispositivos...
[2026-09-22 22:07:01] [DISPOSITIVOS-OK] ✓ Verificación completada
[2026-09-22 22:07:01] [DISPOSITIVO] [desconectado] BioBridge Principal:5101 → 1ms (Timeout en http://localhost:5101/health)
[2026-09-22 22:07:01] [RESUMEN] Total verificados: 1
[2026-09-22 22:07:01] [FIN] ═════════════════════════════════════════════════════
[2026-09-22 22:07:01] 
[2026-09-23 05:12:01] [INICIO] ═════════════════════════════════════════════════════
[2026-09-22 22:12:01] [CHECK-PUENTE] Verificando disponibilidad del BioBridge...
[2026-09-22 22:12:01] [PUENTE-OK] ✓ BioBridge ACTIVO (latencia: 11ms)
[2026-09-22 22:12:01] [CHECK-DISPOSITIVOS] BioBridge activo. Verificando dispositivos...
[2026-09-22 22:12:01] [DISPOSITIVOS-OK] ✓ Verificación completada
[2026-09-22 22:12:01] [DISPOSITIVO] [desconectado] BioBridge Principal:5101 → 16ms (Timeout en http://localhost:5101/health)
[2026-09-22 22:12:01] [RESUMEN] Total verificados: 1
[2026-09-22 22:12:01] [FIN] ═════════════════════════════════════════════════════
[2026-09-22 22:12:01] 
[2026-09-23 05:17:01] [INICIO] ═════════════════════════════════════════════════════
[2026-09-22 22:17:01] [CHECK-PUENTE] Verificando disponibilidad del BioBridge...
[2026-09-22 22:17:01] [PUENTE-OK] ✓ BioBridge ACTIVO (latencia: 11ms)
[2026-09-22 22:17:01] [CHECK-DISPOSITIVOS] BioBridge activo. Verificando dispositivos...
[2026-09-22 22:17:01] [DISPOSITIVOS-OK] ✓ Verificación completada
[2026-09-22 22:17:01] [DISPOSITIVO] [desconectado] BioBridge Principal:5101 → 14ms (Timeout en http://localhost:5101/health)
[2026-09-22 22:17:01] [RESUMEN] Total verificados: 1
[2026-09-22 22:17:01] [FIN] ═════════════════════════════════════════════════════
[2026-09-22 22:17:01] 
[2026-09-23 05:22:01] [INICIO] ═════════════════════════════════════════════════════
[2026-09-22 22:22:02] [CHECK-PUENTE] Verificando disponibilidad del BioBridge...
[2026-09-22 22:22:02] [PUENTE-OK] ✓ BioBridge ACTIVO (latencia: 19ms)
[2026-09-22 22:22:02] [CHECK-DISPOSITIVOS] BioBridge activo. Verificando dispositivos...
[2026-09-22 22:22:02] [DISPOSITIVOS-OK] ✓ Verificación completada
[2026-09-22 22:22:02] [DISPOSITIVO] [desconectado] BioBridge Principal:5101 → 17ms (Timeout en http://localhost:5101/health)
[2026-09-22 22:22:02] [RESUMEN] Total verificados: 1
[2026-09-22 22:22:02] [FIN] ═════════════════════════════════════════════════════
[2026-09-22 22:22:02] 
[2026-09-23 05:27:01] [INICIO] ═════════════════════════════════════════════════════
[2026-09-22 22:27:01] [CHECK-PUENTE] Verificando disponibilidad del BioBridge...
[2026-09-22 22:27:01] [PUENTE-OK] ✓ BioBridge ACTIVO (latencia: 1ms)
[2026-09-22 22:27:01] [CHECK-DISPOSITIVOS] BioBridge activo. Verificando dispositivos...
[2026-09-22 22:27:01] [DISPOSITIVOS-OK] ✓ Verificación completada
[2026-09-22 22:27:01] [DISPOSITIVO] [desconectado] BioBridge Principal:5101 → 13ms (Timeout en http://localhost:5101/health)
[2026-09-22 22:27:01] [RESUMEN] Total verificados: 1
[2026-09-22 22:27:01] [FIN] ═════════════════════════════════════════════════════
[2026-09-22 22:27:01] 
[2026-09-23 05:32:01] [INICIO] ═════════════════════════════════════════════════════
[2026-09-22 22:32:01] [CHECK-PUENTE] Verificando disponibilidad del BioBridge...
[2026-09-22 22:32:01] [PUENTE-OK] ✓ BioBridge ACTIVO (latencia: 1ms)
[2026-09-22 22:32:01] [CHECK-DISPOSITIVOS] BioBridge activo. Verificando dispositivos...
[2026-09-22 22:32:01] [DISPOSITIVOS-OK] ✓ Verificación completada
[2026-09-22 22:32:01] [DISPOSITIVO] [desconectado] BioBridge Principal:5101 → 16ms (Timeout en http://localhost:5101/health)
[2026-09-22 22:32:01] [RESUMEN] Total verificados: 1
[2026-09-22 22:32:01] [FIN] ═════════════════════════════════════════════════════
[2026-09-22 22:32:01] 
[2026-09-23 05:37:01] [INICIO] ═════════════════════════════════════════════════════
[2026-09-22 22:37:01] [CHECK-PUENTE] Verificando disponibilidad del BioBridge...
[2026-09-22 22:37:01] [PUENTE-OK] ✓ BioBridge ACTIVO (latencia: 2ms)
[2026-09-22 22:37:01] [CHECK-DISPOSITIVOS] BioBridge activo. Verificando dispositivos...
[2026-09-22 22:37:01] [DISPOSITIVOS-OK] ✓ Verificación completada
[2026-09-22 22:37:01] [DISPOSITIVO] [desconectado] BioBridge Principal:5101 → 16ms (Timeout en http://localhost:5101/health)
[2026-09-22 22:37:01] [RESUMEN] Total verificados: 1
[2026-09-22 22:37:01] [FIN] ═════════════════════════════════════════════════════
[2026-09-22 22:37:01] 
[2026-09-23 05:42:01] [INICIO] ═════════════════════════════════════════════════════
[2026-09-22 22:42:01] [CHECK-PUENTE] Verificando disponibilidad del BioBridge...
[2026-09-22 22:42:01] [PUENTE-OK] ✓ BioBridge ACTIVO (latencia: 2ms)
[2026-09-22 22:42:01] [CHECK-DISPOSITIVOS] BioBridge activo. Verificando dispositivos...
[2026-09-22 22:42:01] [DISPOSITIVOS-OK] ✓ Verificación completada
[2026-09-22 22:42:01] [DISPOSITIVO] [desconectado] BioBridge Principal:5101 → 2ms (Timeout en http://localhost:5101/health)
[2026-09-22 22:42:01] [RESUMEN] Total verificados: 1
[2026-09-22 22:42:01] [FIN] ═════════════════════════════════════════════════════
[2026-09-22 22:42:01] 
[2026-09-23 05:47:01] [INICIO] ═════════════════════════════════════════════════════
[2026-09-22 22:47:01] [CHECK-PUENTE] Verificando disponibilidad del BioBridge...
[2026-09-22 22:47:01] [PUENTE-OK] ✓ BioBridge ACTIVO (latencia: 12ms)
[2026-09-22 22:47:01] [CHECK-DISPOSITIVOS] BioBridge activo. Verificando dispositivos...
[2026-09-22 22:47:01] [DISPOSITIVOS-OK] ✓ Verificación completada
[2026-09-22 22:47:01] [DISPOSITIVO] [desconectado] BioBridge Principal:5101 → 1ms (Timeout en http://localhost:5101/health)
[2026-09-22 22:47:01] [RESUMEN] Total verificados: 1
[2026-09-22 22:47:01] [FIN] ═════════════════════════════════════════════════════
[2026-09-22 22:47:01] 
[2026-09-23 05:52:01] [INICIO] ═════════════════════════════════════════════════════
[2026-09-22 22:52:01] [CHECK-PUENTE] Verificando disponibilidad del BioBridge...
[2026-09-22 22:52:01] [PUENTE-OK] ✓ BioBridge ACTIVO (latencia: 19ms)
[2026-09-22 22:52:01] [CHECK-DISPOSITIVOS] BioBridge activo. Verificando dispositivos...
[2026-09-22 22:52:01] [DISPOSITIVOS-OK] ✓ Verificación completada
[2026-09-22 22:52:01] [DISPOSITIVO] [desconectado] BioBridge Principal:5101 → 2ms (Timeout en http://localhost:5101/health)
[2026-09-22 22:52:01] [RESUMEN] Total verificados: 1
[2026-09-22 22:52:01] [FIN] ═════════════════════════════════════════════════════
[2026-09-22 22:52:01] 
[2026-09-23 05:57:01] [INICIO] ═════════════════════════════════════════════════════
[2026-09-22 22:57:01] [CHECK-PUENTE] Verificando disponibilidad del BioBridge...
[2026-09-22 22:57:01] [PUENTE-OK] ✓ BioBridge ACTIVO (latencia: 25ms)
[2026-09-22 22:57:01] [CHECK-DISPOSITIVOS] BioBridge activo. Verificando dispositivos...
[2026-09-22 22:57:01] [DISPOSITIVOS-OK] ✓ Verificación completada
[2026-09-22 22:57:01] [DISPOSITIVO] [desconectado] BioBridge Principal:5101 → 2ms (Timeout en http://localhost:5101/health)
[2026-09-22 22:57:01] [RESUMEN] Total verificados: 1
[2026-09-22 22:57:01] [FIN] ═════════════════════════════════════════════════════
[2026-09-22 22:57:01] 
[2026-09-23 06:02:01] [INICIO] ═════════════════════════════════════════════════════
[2026-09-22 23:02:01] [CHECK-PUENTE] Verificando disponibilidad del BioBridge...
[2026-09-22 23:02:01] [PUENTE-OK] ✓ BioBridge ACTIVO (latencia: 13ms)
[2026-09-22 23:02:01] [CHECK-DISPOSITIVOS] BioBridge activo. Verificando dispositivos...
[2026-09-22 23:02:01] [DISPOSITIVOS-OK] ✓ Verificación completada
[2026-09-22 23:02:01] [DISPOSITIVO] [desconectado] BioBridge Principal:5101 → 15ms (Timeout en http://localhost:5101/health)
[2026-09-22 23:02:01] [RESUMEN] Total verificados: 1
[2026-09-22 23:02:01] [FIN] ═════════════════════════════════════════════════════
[2026-09-22 23:02:01] 
[2026-09-23 06:07:01] [INICIO] ═════════════════════════════════════════════════════
[2026-09-22 23:07:01] [CHECK-PUENTE] Verificando disponibilidad del BioBridge...
[2026-09-22 23:07:01] [PUENTE-OK] ✓ BioBridge ACTIVO (latencia: 3ms)
[2026-09-22 23:07:01] [CHECK-DISPOSITIVOS] BioBridge activo. Verificando dispositivos...
[2026-09-22 23:07:01] [DISPOSITIVOS-OK] ✓ Verificación completada
[2026-09-22 23:07:01] [DISPOSITIVO] [desconectado] BioBridge Principal:5101 → 4ms (Timeout en http://localhost:5101/health)
[2026-09-22 23:07:01] [RESUMEN] Total verificados: 1
[2026-09-22 23:07:01] [FIN] ═════════════════════════════════════════════════════
[2026-09-22 23:07:01] 
[2026-09-23 06:12:01] [INICIO] ═════════════════════════════════════════════════════
[2026-09-22 23:12:01] [CHECK-PUENTE] Verificando disponibilidad del BioBridge...
[2026-09-22 23:12:01] [PUENTE-OK] ✓ BioBridge ACTIVO (latencia: 23ms)
[2026-09-22 23:12:01] [CHECK-DISPOSITIVOS] BioBridge activo. Verificando dispositivos...
[2026-09-22 23:12:01] [DISPOSITIVOS-OK] ✓ Verificación completada
[2026-09-22 23:12:01] [DISPOSITIVO] [desconectado] BioBridge Principal:5101 → 15ms (Timeout en http://localhost:5101/health)
[2026-09-22 23:12:01] [RESUMEN] Total verificados: 1
[2026-09-22 23:12:01] [FIN] ═════════════════════════════════════════════════════
[2026-09-22 23:12:01] 
[2026-09-23 06:17:02] [INICIO] ═════════════════════════════════════════════════════
[2026-09-22 23:17:02] [CHECK-PUENTE] Verificando disponibilidad del BioBridge...
[2026-09-22 23:17:02] [PUENTE-OK] ✓ BioBridge ACTIVO (latencia: 1ms)
[2026-09-22 23:17:02] [CHECK-DISPOSITIVOS] BioBridge activo. Verificando dispositivos...
[2026-09-22 23:17:02] [DISPOSITIVOS-OK] ✓ Verificación completada
[2026-09-22 23:17:02] [DISPOSITIVO] [desconectado] BioBridge Principal:5101 → 20ms (Timeout en http://localhost:5101/health)
[2026-09-22 23:17:02] [RESUMEN] Total verificados: 1
[2026-09-22 23:17:02] [FIN] ═════════════════════════════════════════════════════
[2026-09-22 23:17:02] 
[2026-09-23 06:22:01] [INICIO] ═════════════════════════════════════════════════════
[2026-09-22 23:22:01] [CHECK-PUENTE] Verificando disponibilidad del BioBridge...
[2026-09-22 23:22:01] [PUENTE-OK] ✓ BioBridge ACTIVO (latencia: 23ms)
[2026-09-22 23:22:01] [CHECK-DISPOSITIVOS] BioBridge activo. Verificando dispositivos...
[2026-09-22 23:22:01] [DISPOSITIVOS-OK] ✓ Verificación completada
[2026-09-22 23:22:01] [DISPOSITIVO] [desconectado] BioBridge Principal:5101 → 3ms (Timeout en http://localhost:5101/health)
[2026-09-22 23:22:01] [RESUMEN] Total verificados: 1
[2026-09-22 23:22:01] [FIN] ═════════════════════════════════════════════════════
[2026-09-22 23:22:01] 
[2026-09-23 06:27:01] [INICIO] ═════════════════════════════════════════════════════
[2026-09-22 23:27:01] [CHECK-PUENTE] Verificando disponibilidad del BioBridge...
[2026-09-22 23:27:01] [PUENTE-OK] ✓ BioBridge ACTIVO (latencia: 23ms)
[2026-09-22 23:27:01] [CHECK-DISPOSITIVOS] BioBridge activo. Verificando dispositivos...
[2026-09-22 23:27:01] [DISPOSITIVOS-OK] ✓ Verificación completada
[2026-09-22 23:27:01] [DISPOSITIVO] [desconectado] BioBridge Principal:5101 → 16ms (Timeout en http://localhost:5101/health)
[2026-09-22 23:27:01] [RESUMEN] Total verificados: 1
[2026-09-22 23:27:01] [FIN] ═════════════════════════════════════════════════════
[2026-09-22 23:27:01] 
[2026-09-23 06:32:01] [INICIO] ═════════════════════════════════════════════════════
[2026-09-22 23:32:01] [CHECK-PUENTE] Verificando disponibilidad del BioBridge...
[2026-09-22 23:32:01] [PUENTE-OK] ✓ BioBridge ACTIVO (latencia: 12ms)
[2026-09-22 23:32:01] [CHECK-DISPOSITIVOS] BioBridge activo. Verificando dispositivos...
[2026-09-22 23:32:01] [DISPOSITIVOS-OK] ✓ Verificación completada
[2026-09-22 23:32:01] [DISPOSITIVO] [desconectado] BioBridge Principal:5101 → 13ms (Timeout en http://localhost:5101/health)
[2026-09-22 23:32:01] [RESUMEN] Total verificados: 1
[2026-09-22 23:32:01] [FIN] ═════════════════════════════════════════════════════
[2026-09-22 23:32:01] 
[2026-09-23 06:37:01] [INICIO] ═════════════════════════════════════════════════════
[2026-09-22 23:37:01] [CHECK-PUENTE] Verificando disponibilidad del BioBridge...
[2026-09-22 23:37:01] [PUENTE-OK] ✓ BioBridge ACTIVO (latencia: 3ms)
[2026-09-22 23:37:01] [CHECK-DISPOSITIVOS] BioBridge activo. Verificando dispositivos...
[2026-09-22 23:37:01] [DISPOSITIVOS-OK] ✓ Verificación completada
[2026-09-22 23:37:01] [DISPOSITIVO] [desconectado] BioBridge Principal:5101 → 15ms (Timeout en http://localhost:5101/health)
[2026-09-22 23:37:01] [RESUMEN] Total verificados: 1
[2026-09-22 23:37:01] [FIN] ═════════════════════════════════════════════════════
[2026-09-22 23:37:01] 
[2026-09-23 06:42:01] [INICIO] ═════════════════════════════════════════════════════
[2026-09-22 23:42:01] [CHECK-PUENTE] Verificando disponibilidad del BioBridge...
[2026-09-22 23:42:01] [PUENTE-OK] ✓ BioBridge ACTIVO (latencia: 1ms)
[2026-09-22 23:42:01] [CHECK-DISPOSITIVOS] BioBridge activo. Verificando dispositivos...
[2026-09-22 23:42:01] [DISPOSITIVOS-OK] ✓ Verificación completada
[2026-09-22 23:42:01] [DISPOSITIVO] [desconectado] BioBridge Principal:5101 → 15ms (Timeout en http://localhost:5101/health)
[2026-09-22 23:42:01] [RESUMEN] Total verificados: 1
[2026-09-22 23:42:01] [FIN] ═════════════════════════════════════════════════════
[2026-09-22 23:42:01] 
[2026-09-23 06:47:01] [INICIO] ═════════════════════════════════════════════════════
[2026-09-22 23:47:01] [CHECK-PUENTE] Verificando disponibilidad del BioBridge...
[2026-09-22 23:47:01] [PUENTE-OK] ✓ BioBridge ACTIVO (latencia: 4ms)
[2026-09-22 23:47:01] [CHECK-DISPOSITIVOS] BioBridge activo. Verificando dispositivos...
[2026-09-22 23:47:01] [DISPOSITIVOS-OK] ✓ Verificación completada
[2026-09-22 23:47:01] [DISPOSITIVO] [desconectado] BioBridge Principal:5101 → 16ms (Timeout en http://localhost:5101/health)
[2026-09-22 23:47:01] [RESUMEN] Total verificados: 1
[2026-09-22 23:47:01] [FIN] ═════════════════════════════════════════════════════
[2026-09-22 23:47:01] 
[2026-09-23 06:52:01] [INICIO] ═════════════════════════════════════════════════════
[2026-09-22 23:52:01] [CHECK-PUENTE] Verificando disponibilidad del BioBridge...
[2026-09-22 23:52:01] [PUENTE-OK] ✓ BioBridge ACTIVO (latencia: 20ms)
[2026-09-22 23:52:01] [CHECK-DISPOSITIVOS] BioBridge activo. Verificando dispositivos...
[2026-09-22 23:52:01] [DISPOSITIVOS-OK] ✓ Verificación completada
[2026-09-22 23:52:01] [DISPOSITIVO] [desconectado] BioBridge Principal:5101 → 1ms (Timeout en http://localhost:5101/health)
[2026-09-22 23:52:01] [RESUMEN] Total verificados: 1
[2026-09-22 23:52:01] [FIN] ═════════════════════════════════════════════════════
[2026-09-22 23:52:01] 
[2026-09-23 06:57:01] [INICIO] ═════════════════════════════════════════════════════
[2026-09-22 23:57:01] [CHECK-PUENTE] Verificando disponibilidad del BioBridge...
[2026-09-22 23:57:01] [PUENTE-OK] ✓ BioBridge ACTIVO (latencia: 27ms)
[2026-09-22 23:57:01] [CHECK-DISPOSITIVOS] BioBridge activo. Verificando dispositivos...
[2026-09-22 23:57:01] [DISPOSITIVOS-OK] ✓ Verificación completada
[2026-09-22 23:57:01] [DISPOSITIVO] [desconectado] BioBridge Principal:5101 → 16ms (Timeout en http://localhost:5101/health)
[2026-09-22 23:57:01] [RESUMEN] Total verificados: 1
[2026-09-22 23:57:01] [FIN] ═════════════════════════════════════════════════════
[2026-09-22 23:57:01] 
[2026-09-23 10:08:26] [INICIO] ═════════════════════════════════════════════════════
[2026-09-23 03:08:27] [CHECK-PUENTE] Verificando disponibilidad del BioBridge...
[2026-09-23 03:08:27] [PUENTE-OK] ✓ BioBridge ACTIVO (latencia: 4ms)
[2026-09-23 03:08:27] [CHECK-DISPOSITIVOS] BioBridge activo. Verificando dispositivos...
[2026-09-23 03:08:27] [DISPOSITIVOS-OK] ✓ Verificación completada
[2026-09-23 03:08:27] [DISPOSITIVO] [desconectado] BioBridge Principal:5101 → 16ms (Timeout en http://localhost:5101/health)
[2026-09-23 03:08:27] [RESUMEN] Total verificados: 1
[2026-09-23 03:08:27] [FIN] ═════════════════════════════════════════════════════
[2026-09-23 03:08:27] 
[2026-09-23 14:01:02] [INICIO] ═════════════════════════════════════════════════════
[2026-09-23 07:01:03] [CHECK-PUENTE] Verificando disponibilidad del BioBridge...
[2026-09-23 07:01:03] [PUENTE-OK] ✓ BioBridge ACTIVO (latencia: 4ms)
[2026-09-23 07:01:03] [CHECK-DISPOSITIVOS] BioBridge activo. Verificando dispositivos...
[2026-09-23 07:01:03] [DISPOSITIVOS-OK] ✓ Verificación completada
[2026-09-23 07:01:03] [DISPOSITIVO] [desconectado] BioBridge Principal:5101 → 2ms (Timeout en http://localhost:5101/health)
[2026-09-23 07:01:03] [RESUMEN] Total verificados: 1
[2026-09-23 07:01:03] [FIN] ═════════════════════════════════════════════════════
[2026-09-23 07:01:03] 
[2026-09-23 14:02:01] [INICIO] ═════════════════════════════════════════════════════
[2026-09-23 07:02:01] [CHECK-PUENTE] Verificando disponibilidad del BioBridge...
[2026-09-23 07:02:01] [PUENTE-OK] ✓ BioBridge ACTIVO (latencia: 2ms)
[2026-09-23 07:02:01] [CHECK-DISPOSITIVOS] BioBridge activo. Verificando dispositivos...
[2026-09-23 07:02:01] [DISPOSITIVOS-OK] ✓ Verificación completada
[2026-09-23 07:02:01] [DISPOSITIVO] [desconectado] BioBridge Principal:5101 → 15ms (Timeout en http://localhost:5101/health)
[2026-09-23 07:02:01] [RESUMEN] Total verificados: 1
[2026-09-23 07:02:01] [FIN] ═════════════════════════════════════════════════════
[2026-09-23 07:02:01] 
[2026-09-23 14:07:01] [INICIO] ═════════════════════════════════════════════════════
[2026-09-23 07:07:01] [CHECK-PUENTE] Verificando disponibilidad del BioBridge...
[2026-09-23 07:07:01] [PUENTE-OK] ✓ BioBridge ACTIVO (latencia: 1ms)
[2026-09-23 07:07:01] [CHECK-DISPOSITIVOS] BioBridge activo. Verificando dispositivos...
[2026-09-23 07:07:01] [DISPOSITIVOS-OK] ✓ Verificación completada
[2026-09-23 07:07:01] [DISPOSITIVO] [desconectado] BioBridge Principal:5101 → 16ms (Timeout en http://localhost:5101/health)
[2026-09-23 07:07:01] [RESUMEN] Total verificados: 1
[2026-09-23 07:07:01] [FIN] ═════════════════════════════════════════════════════
[2026-09-23 07:07:01] 
[2026-09-23 14:12:01] [INICIO] ═════════════════════════════════════════════════════
[2026-09-23 07:12:01] [CHECK-PUENTE] Verificando disponibilidad del BioBridge...
[2026-09-23 07:12:01] [PUENTE-OK] ✓ BioBridge ACTIVO (latencia: 15ms)
[2026-09-23 07:12:01] [CHECK-DISPOSITIVOS] BioBridge activo. Verificando dispositivos...
[2026-09-23 07:12:01] [DISPOSITIVOS-OK] ✓ Verificación completada
[2026-09-23 07:12:01] [DISPOSITIVO] [desconectado] BioBridge Principal:5101 → 16ms (Timeout en http://localhost:5101/health)
[2026-09-23 07:12:01] [RESUMEN] Total verificados: 1
[2026-09-23 07:12:01] [FIN] ═════════════════════════════════════════════════════
[2026-09-23 07:12:01] 
[2026-09-23 14:17:01] [INICIO] ═════════════════════════════════════════════════════
[2026-09-23 07:17:01] [CHECK-PUENTE] Verificando disponibilidad del BioBridge...
[2026-09-23 07:17:01] [PUENTE-OK] ✓ BioBridge ACTIVO (latencia: 20ms)
[2026-09-23 07:17:01] [CHECK-DISPOSITIVOS] BioBridge activo. Verificando dispositivos...
[2026-09-23 07:17:01] [DISPOSITIVOS-OK] ✓ Verificación completada
[2026-09-23 07:17:01] [DISPOSITIVO] [desconectado] BioBridge Principal:5101 → 17ms (Timeout en http://localhost:5101/health)
[2026-09-23 07:17:01] [RESUMEN] Total verificados: 1
[2026-09-23 07:17:01] [FIN] ═════════════════════════════════════════════════════
[2026-09-23 07:17:01] 
[2026-09-23 14:22:01] [INICIO] ═════════════════════════════════════════════════════
[2026-09-23 07:22:01] [CHECK-PUENTE] Verificando disponibilidad del BioBridge...
[2026-09-23 07:22:01] [PUENTE-OK] ✓ BioBridge ACTIVO (latencia: 1ms)
[2026-09-23 07:22:01] [CHECK-DISPOSITIVOS] BioBridge activo. Verificando dispositivos...
[2026-09-23 07:22:01] [DISPOSITIVOS-OK] ✓ Verificación completada
[2026-09-23 07:22:01] [DISPOSITIVO] [desconectado] BioBridge Principal:5101 → 18ms (Timeout en http://localhost:5101/health)
[2026-09-23 07:22:01] [RESUMEN] Total verificados: 1
[2026-09-23 07:22:01] [FIN] ═════════════════════════════════════════════════════
[2026-09-23 07:22:01] 
[2026-09-23 14:27:01] [INICIO] ═════════════════════════════════════════════════════
[2026-09-23 07:27:01] [CHECK-PUENTE] Verificando disponibilidad del BioBridge...
[2026-09-23 07:27:01] [PUENTE-OK] ✓ BioBridge ACTIVO (latencia: 1ms)
[2026-09-23 07:27:01] [CHECK-DISPOSITIVOS] BioBridge activo. Verificando dispositivos...
[2026-09-23 07:27:01] [DISPOSITIVOS-OK] ✓ Verificación completada
[2026-09-23 07:27:01] [DISPOSITIVO] [desconectado] BioBridge Principal:5101 → 24ms (Timeout en http://localhost:5101/health)
[2026-09-23 07:27:01] [RESUMEN] Total verificados: 1
[2026-09-23 07:27:01] [FIN] ═════════════════════════════════════════════════════
[2026-09-23 07:27:01] 
[2026-09-23 14:32:01] [INICIO] ═════════════════════════════════════════════════════
[2026-09-23 07:32:01] [CHECK-PUENTE] Verificando disponibilidad del BioBridge...
[2026-09-23 07:32:01] [PUENTE-OK] ✓ BioBridge ACTIVO (latencia: 1ms)
[2026-09-23 07:32:01] [CHECK-DISPOSITIVOS] BioBridge activo. Verificando dispositivos...
[2026-09-23 07:32:01] [DISPOSITIVOS-OK] ✓ Verificación completada
[2026-09-23 07:32:01] [DISPOSITIVO] [desconectado] BioBridge Principal:5101 → 21ms (Timeout en http://localhost:5101/health)
[2026-09-23 07:32:01] [RESUMEN] Total verificados: 1
[2026-09-23 07:32:01] [FIN] ═════════════════════════════════════════════════════
[2026-09-23 07:32:01] 
[2026-09-23 14:37:01] [INICIO] ═════════════════════════════════════════════════════
[2026-09-23 07:37:01] [CHECK-PUENTE] Verificando disponibilidad del BioBridge...
[2026-09-23 07:37:01] [PUENTE-OK] ✓ BioBridge ACTIVO (latencia: 28ms)
[2026-09-23 07:37:01] [CHECK-DISPOSITIVOS] BioBridge activo. Verificando dispositivos...
[2026-09-23 07:37:01] [DISPOSITIVOS-OK] ✓ Verificación completada
[2026-09-23 07:37:01] [DISPOSITIVO] [desconectado] BioBridge Principal:5101 → 28ms (Timeout en http://localhost:5101/health)
[2026-09-23 07:37:01] [RESUMEN] Total verificados: 1
[2026-09-23 07:37:01] [FIN] ═════════════════════════════════════════════════════
[2026-09-23 07:37:01] 
[2026-09-23 14:42:01] [INICIO] ═════════════════════════════════════════════════════
[2026-09-23 07:42:01] [CHECK-PUENTE] Verificando disponibilidad del BioBridge...
[2026-09-23 07:42:01] [PUENTE-OK] ✓ BioBridge ACTIVO (latencia: 23ms)
[2026-09-23 07:42:01] [CHECK-DISPOSITIVOS] BioBridge activo. Verificando dispositivos...
[2026-09-23 07:42:01] [DISPOSITIVOS-OK] ✓ Verificación completada
[2026-09-23 07:42:01] [DISPOSITIVO] [desconectado] BioBridge Principal:5101 → 13ms (Timeout en http://localhost:5101/health)
[2026-09-23 07:42:01] [RESUMEN] Total verificados: 1
[2026-09-23 07:42:01] [FIN] ═════════════════════════════════════════════════════
[2026-09-23 07:42:01] 
[2026-09-23 14:47:01] [INICIO] ═════════════════════════════════════════════════════
[2026-09-23 07:47:01] [CHECK-PUENTE] Verificando disponibilidad del BioBridge...
[2026-09-23 07:47:01] [PUENTE-OK] ✓ BioBridge ACTIVO (latencia: 3ms)
[2026-09-23 07:47:01] [CHECK-DISPOSITIVOS] BioBridge activo. Verificando dispositivos...
[2026-09-23 07:47:01] [DISPOSITIVOS-OK] ✓ Verificación completada
[2026-09-23 07:47:01] [DISPOSITIVO] [desconectado] BioBridge Principal:5101 → 16ms (Timeout en http://localhost:5101/health)
[2026-09-23 07:47:01] [RESUMEN] Total verificados: 1
[2026-09-23 07:47:01] [FIN] ═════════════════════════════════════════════════════
[2026-09-23 07:47:01] 
[2026-09-23 14:52:01] [INICIO] ═════════════════════════════════════════════════════
[2026-09-23 07:52:01] [CHECK-PUENTE] Verificando disponibilidad del BioBridge...
[2026-09-23 07:52:01] [PUENTE-OK] ✓ BioBridge ACTIVO (latencia: 23ms)
[2026-09-23 07:52:01] [CHECK-DISPOSITIVOS] BioBridge activo. Verificando dispositivos...
[2026-09-23 07:52:01] [DISPOSITIVOS-OK] ✓ Verificación completada
[2026-09-23 07:52:01] [DISPOSITIVO] [desconectado] BioBridge Principal:5101 → 2ms (Timeout en http://localhost:5101/health)
[2026-09-23 07:52:01] [RESUMEN] Total verificados: 1
[2026-09-23 07:52:01] [FIN] ═════════════════════════════════════════════════════
[2026-09-23 07:52:01] 
[2026-09-23 14:57:01] [INICIO] ═════════════════════════════════════════════════════
[2026-09-23 07:57:01] [CHECK-PUENTE] Verificando disponibilidad del BioBridge...
[2026-09-23 07:57:01] [PUENTE-OK] ✓ BioBridge ACTIVO (latencia: 1ms)
[2026-09-23 07:57:01] [CHECK-DISPOSITIVOS] BioBridge activo. Verificando dispositivos...
[2026-09-23 07:57:01] [DISPOSITIVOS-OK] ✓ Verificación completada
[2026-09-23 07:57:01] [DISPOSITIVO] [desconectado] BioBridge Principal:5101 → 14ms (Timeout en http://localhost:5101/health)
[2026-09-23 07:57:01] [RESUMEN] Total verificados: 1
[2026-09-23 07:57:01] [FIN] ═════════════════════════════════════════════════════
[2026-09-23 07:57:01] 
[2026-09-23 15:02:01] [INICIO] ═════════════════════════════════════════════════════
[2026-09-23 08:02:01] [CHECK-PUENTE] Verificando disponibilidad del BioBridge...
[2026-09-23 08:02:01] [PUENTE-OK] ✓ BioBridge ACTIVO (latencia: 1ms)
[2026-09-23 08:02:01] [CHECK-DISPOSITIVOS] BioBridge activo. Verificando dispositivos...
[2026-09-23 08:02:01] [DISPOSITIVOS-OK] ✓ Verificación completada
[2026-09-23 08:02:01] [DISPOSITIVO] [desconectado] BioBridge Principal:5101 → 1ms (Timeout en http://localhost:5101/health)
[2026-09-23 08:02:01] [RESUMEN] Total verificados: 1
[2026-09-23 08:02:01] [FIN] ═════════════════════════════════════════════════════
[2026-09-23 08:02:01] 
[2026-09-23 15:07:01] [INICIO] ═════════════════════════════════════════════════════
[2026-09-23 08:07:01] [CHECK-PUENTE] Verificando disponibilidad del BioBridge...
[2026-09-23 08:07:01] [PUENTE-OK] ✓ BioBridge ACTIVO (latencia: 1ms)
[2026-09-23 08:07:01] [CHECK-DISPOSITIVOS] BioBridge activo. Verificando dispositivos...
[2026-09-23 08:07:01] [DISPOSITIVOS-OK] ✓ Verificación completada
[2026-09-23 08:07:01] [DISPOSITIVO] [desconectado] BioBridge Principal:5101 → 13ms (Timeout en http://localhost:5101/health)
[2026-09-23 08:07:01] [RESUMEN] Total verificados: 1
[2026-09-23 08:07:01] [FIN] ═════════════════════════════════════════════════════
[2026-09-23 08:07:01] 
[2026-09-23 15:12:01] [INICIO] ═════════════════════════════════════════════════════
[2026-09-23 08:12:01] [CHECK-PUENTE] Verificando disponibilidad del BioBridge...
[2026-09-23 08:12:01] [PUENTE-OK] ✓ BioBridge ACTIVO (latencia: 27ms)
[2026-09-23 08:12:01] [CHECK-DISPOSITIVOS] BioBridge activo. Verificando dispositivos...
[2026-09-23 08:12:01] [DISPOSITIVOS-OK] ✓ Verificación completada
[2026-09-23 08:12:01] [DISPOSITIVO] [desconectado] BioBridge Principal:5101 → 16ms (Timeout en http://localhost:5101/health)
[2026-09-23 08:12:01] [RESUMEN] Total verificados: 1
[2026-09-23 08:12:01] [FIN] ═════════════════════════════════════════════════════
[2026-09-23 08:12:01] 
[2026-09-23 15:17:01] [INICIO] ═════════════════════════════════════════════════════
[2026-09-23 08:17:01] [CHECK-PUENTE] Verificando disponibilidad del BioBridge...
[2026-09-23 08:17:01] [PUENTE-OK] ✓ BioBridge ACTIVO (latencia: 2ms)
[2026-09-23 08:17:01] [CHECK-DISPOSITIVOS] BioBridge activo. Verificando dispositivos...
[2026-09-23 08:17:01] [DISPOSITIVOS-OK] ✓ Verificación completada
[2026-09-23 08:17:01] [DISPOSITIVO] [desconectado] BioBridge Principal:5101 → 1ms (Timeout en http://localhost:5101/health)
[2026-09-23 08:17:01] [RESUMEN] Total verificados: 1
[2026-09-23 08:17:01] [FIN] ═════════════════════════════════════════════════════
[2026-09-23 08:17:01] 
[2026-09-23 15:22:01] [INICIO] ═════════════════════════════════════════════════════
[2026-09-23 08:22:01] [CHECK-PUENTE] Verificando disponibilidad del BioBridge...
[2026-09-23 08:22:01] [PUENTE-OK] ✓ BioBridge ACTIVO (latencia: 13ms)
[2026-09-23 08:22:01] [CHECK-DISPOSITIVOS] BioBridge activo. Verificando dispositivos...
[2026-09-23 08:22:01] [DISPOSITIVOS-OK] ✓ Verificación completada
[2026-09-23 08:22:01] [DISPOSITIVO] [desconectado] BioBridge Principal:5101 → 17ms (Timeout en http://localhost:5101/health)
[2026-09-23 08:22:01] [RESUMEN] Total verificados: 1
[2026-09-23 08:22:01] [FIN] ═════════════════════════════════════════════════════
[2026-09-23 08:22:01] 
[2026-09-23 15:27:01] [INICIO] ═════════════════════════════════════════════════════
[2026-09-23 08:27:01] [CHECK-PUENTE] Verificando disponibilidad del BioBridge...
[2026-09-23 08:27:01] [PUENTE-OK] ✓ BioBridge ACTIVO (latencia: 1ms)
[2026-09-23 08:27:01] [CHECK-DISPOSITIVOS] BioBridge activo. Verificando dispositivos...
[2026-09-23 08:27:01] [DISPOSITIVOS-OK] ✓ Verificación completada
[2026-09-23 08:27:01] [DISPOSITIVO] [desconectado] BioBridge Principal:5101 → 15ms (Timeout en http://localhost:5101/health)
[2026-09-23 08:27:01] [RESUMEN] Total verificados: 1
[2026-09-23 08:27:01] [FIN] ═════════════════════════════════════════════════════
[2026-09-23 08:27:01] 
[2026-09-23 15:32:01] [INICIO] ═════════════════════════════════════════════════════
[2026-09-23 08:32:01] [CHECK-PUENTE] Verificando disponibilidad del BioBridge...
[2026-09-23 08:32:01] [PUENTE-OK] ✓ BioBridge ACTIVO (latencia: 17ms)
[2026-09-23 08:32:01] [CHECK-DISPOSITIVOS] BioBridge activo. Verificando dispositivos...
[2026-09-23 08:32:01] [DISPOSITIVOS-OK] ✓ Verificación completada
[2026-09-23 08:32:01] [DISPOSITIVO] [desconectado] BioBridge Principal:5101 → 2ms (Timeout en http://localhost:5101/health)
[2026-09-23 08:32:01] [RESUMEN] Total verificados: 1
[2026-09-23 08:32:01] [FIN] ═════════════════════════════════════════════════════
[2026-09-23 08:32:01] 
[2026-09-23 15:37:01] [INICIO] ═════════════════════════════════════════════════════
[2026-09-23 08:37:01] [CHECK-PUENTE] Verificando disponibilidad del BioBridge...
[2026-09-23 08:37:01] [PUENTE-OK] ✓ BioBridge ACTIVO (latencia: 1ms)
[2026-09-23 08:37:01] [CHECK-DISPOSITIVOS] BioBridge activo. Verificando dispositivos...
[2026-09-23 08:37:01] [DISPOSITIVOS-OK] ✓ Verificación completada
[2026-09-23 08:37:01] [DISPOSITIVO] [desconectado] BioBridge Principal:5101 → 15ms (Timeout en http://localhost:5101/health)
[2026-09-23 08:37:01] [RESUMEN] Total verificados: 1
[2026-09-23 08:37:01] [FIN] ═════════════════════════════════════════════════════
[2026-09-23 08:37:01] 
[2026-09-23 15:42:01] [INICIO] ═════════════════════════════════════════════════════
[2026-09-23 08:42:01] [CHECK-PUENTE] Verificando disponibilidad del BioBridge...
[2026-09-23 08:42:01] [PUENTE-OK] ✓ BioBridge ACTIVO (latencia: 25ms)
[2026-09-23 08:42:01] [CHECK-DISPOSITIVOS] BioBridge activo. Verificando dispositivos...
[2026-09-23 08:42:01] [DISPOSITIVOS-OK] ✓ Verificación completada
[2026-09-23 08:42:01] [DISPOSITIVO] [desconectado] BioBridge Principal:5101 → 27ms (Timeout en http://localhost:5101/health)
[2026-09-23 08:42:01] [RESUMEN] Total verificados: 1
[2026-09-23 08:42:01] [FIN] ═════════════════════════════════════════════════════
[2026-09-23 08:42:01] 
[2026-09-23 15:47:01] [INICIO] ═════════════════════════════════════════════════════
[2026-09-23 08:47:01] [CHECK-PUENTE] Verificando disponibilidad del BioBridge...
[2026-09-23 08:47:01] [PUENTE-OK] ✓ BioBridge ACTIVO (latencia: 24ms)
[2026-09-23 08:47:01] [CHECK-DISPOSITIVOS] BioBridge activo. Verificando dispositivos...
[2026-09-23 08:47:01] [DISPOSITIVOS-OK] ✓ Verificación completada
[2026-09-23 08:47:01] [DISPOSITIVO] [desconectado] BioBridge Principal:5101 → 29ms (Timeout en http://localhost:5101/health)
[2026-09-23 08:47:01] [RESUMEN] Total verificados: 1
[2026-09-23 08:47:01] [FIN] ═════════════════════════════════════════════════════
[2026-09-23 08:47:01] 
